,Datetime,Open,High,Low,Close,Volume,Dividends,Stock Splits
0,2025-08-29 15:30,178.11000061035156,178.11000061035156,174.42999267578125,175.0800018310547,35147262,0.0,0.0
1,2025-08-29 15:45,175.08999633789062,175.27999877929688,173.75999450683594,174.77999877929688,19956503,0.0,0.0
2,2025-08-29 16:00,174.7899932861328,175.49000549316406,173.76719665527344,174.62989807128906,14616884,0.0,0.0
3,2025-08-29 16:15,174.60000610351562,175.2899932861328,174.1999969482422,175.06500244140625,11023786,0.0,0.0
4,2025-08-29 16:30,175.05999755859375,175.22999572753906,174.32000732421875,174.3300018310547,8124543,0.0,0.0
5,2025-08-29 16:45,174.3300018310547,174.47000122070312,173.3699951171875,173.6649932861328,12155535,0.0,0.0
6,2025-08-29 17:00,173.64999389648438,174.72999572753906,173.50999450683594,174.63499450683594,7810570,0.0,0.0
7,2025-08-29 17:15,174.63499450683594,175.139892578125,174.2100067138672,174.77499389648438,7411097,0.0,0.0
8,2025-08-29 17:30,174.75999450683594,174.8498992919922,174.0399932861328,174.17990112304688,6547147,0.0,0.0
9,2025-08-29 17:45,174.17999267578125,174.2799072265625,173.61000061035156,173.76510620117188,6730844,0.0,0.0
10,2025-08-29 18:00,173.76699829101562,174.44000244140625,173.72000122070312,174.4250030517578,5010908,0.0,0.0
11,2025-08-29 18:15,174.4250030517578,174.5800018310547,174.0500030517578,174.14999389648438,4241865,0.0,0.0
12,2025-08-29 18:30,174.14999389648438,174.77000427246094,174.13299560546875,174.7357940673828,3780535,0.0,0.0
13,2025-08-29 18:45,174.74000549316406,174.75999450683594,174.3699951171875,174.44500732421875,3391617,0.0,0.0
14,2025-08-29 19:00,174.44500732421875,174.44500732421875,173.47000122070312,173.52499389648438,6325135,0.0,0.0
15,2025-08-29 19:15,173.5299072265625,173.7700958251953,173.14500427246094,173.52000427246094,5919830,0.0,0.0
16,2025-08-29 19:30,173.53500366210938,174.0800018310547,173.25,174.0601043701172,6006111,0.0,0.0
17,2025-08-29 19:45,174.0699005126953,174.2899932861328,173.8249969482422,174.06500244140625,4471165,0.0,0.0
18,2025-08-29 20:00,174.07000732421875,174.24000549316406,173.82000732421875,173.875,3714286,0.0,0.0
19,2025-08-29 20:15,173.875,173.91000366210938,173.47999572753906,173.55670166015625,4025347,0.0,0.0
20,2025-08-29 20:30,173.57420349121094,174.05999755859375,173.56500244140625,173.75999450683594,3475494,0.0,0.0
21,2025-08-29 20:45,173.76499938964844,174.22999572753906,173.5800018310547,174.21499633789062,3981863,0.0,0.0
22,2025-08-29 21:00,174.21499633789062,174.2698974609375,173.8300018310547,173.9149932861328,5152284,0.0,0.0
23,2025-08-29 21:15,173.9149932861328,174.2198944091797,173.88499450683594,174.0399932861328,4325316,0.0,0.0
24,2025-08-29 21:30,174.0449981689453,174.4499969482422,173.8699951171875,174.37649536132812,5466209,0.0,0.0
25,2025-08-29 21:45,174.3699951171875,174.50999450683594,173.35000610351562,174.27999877929688,16461617,0.0,0.0
26,2025-09-02 15:30,170.0500030517578,171.0,168.64999389648438,170.8000030517578,33358437,0.0,0.0
27,2025-09-02 15:45,170.7899932861328,172.37899780273438,170.70680236816406,171.64999389648438,13026893,0.0,0.0
28,2025-09-02 16:00,171.63999938964844,172.00999450683594,169.9499969482422,170.27999877929688,12071256,0.0,0.0
29,2025-09-02 16:15,170.28500366210938,170.85000610351562,169.7899932861328,170.63360595703125,8871438,0.0,0.0
30,2025-09-02 16:30,170.6300048828125,170.63999938964844,169.14999389648438,169.35000610351562,7976439,0.0,0.0
31,2025-09-02 16:45,169.34030151367188,169.63999938964844,168.72000122070312,169.5153045654297,10252297,0.0,0.0
32,2025-09-02 17:00,169.51499938964844,169.7657928466797,168.89999389648438,169.1300048828125,6925517,0.0,0.0
33,2025-09-02 17:15,169.1300048828125,169.38999938964844,168.52999877929688,169.05999755859375,8051927,0.0,0.0
34,2025-09-02 17:30,169.0500030517578,169.09730529785156,167.7700958251953,168.0800018310547,11795779,0.0,0.0
35,2025-09-02 17:45,168.08999633789062,168.30999755859375,167.33999633789062,167.8300018310547,10257864,0.0,0.0
36,2025-09-02 18:00,167.83990478515625,167.9499969482422,167.2200927734375,167.7700958251953,7128508,0.0,0.0
37,2025-09-02 18:15,167.75999450683594,168.16000366210938,167.74000549316406,167.93499755859375,6535834,0.0,0.0
38,2025-09-02 18:30,167.94000244140625,168.5800018310547,167.85000610351562,168.4600067138672,6315085,0.0,0.0
39,2025-09-02 18:45,168.4499969482422,169.02999877929688,168.30999755859375,169.01499938964844,5884210,0.0,0.0
40,2025-09-02 19:00,169.00999450683594,169.11500549316406,168.31500244140625,168.44500732421875,5326851,0.0,0.0
41,2025-09-02 19:15,168.44760131835938,169.35000610351562,168.32000732421875,169.23500061035156,5169239,0.0,0.0
42,2025-09-02 19:30,169.22999572753906,169.6199951171875,169.1750030517578,169.5749969482422,4326331,0.0,0.0
43,2025-09-02 19:45,169.57000732421875,169.5749969482422,169.1042022705078,169.21749877929688,3951404,0.0,0.0
44,2025-09-02 20:00,169.2100067138672,169.41000366210938,168.97999572753906,169.21209716796875,3646142,0.0,0.0
45,2025-09-02 20:15,169.2100067138672,169.47000122070312,169.0399932861328,169.1981964111328,3190797,0.0,0.0
46,2025-09-02 20:30,169.1999969482422,169.44000244140625,169.03500366210938,169.42649841308594,3710368,0.0,0.0
47,2025-09-02 20:45,169.42999267578125,170.0500030517578,169.41000366210938,169.6179962158203,6976560,0.0,0.0
48,2025-09-02 21:00,169.60000610351562,170.0,169.55999755859375,169.98500061035156,5617161,0.0,0.0
49,2025-09-02 21:15,169.97999572753906,170.44000244140625,169.89999389648438,170.2949981689453,5056966,0.0,0.0
50,2025-09-02 21:30,170.2899932861328,170.86000061035156,170.27999877929688,170.5800018310547,6304288,0.0,0.0
51,2025-09-02 21:45,170.56500244140625,171.1199951171875,170.31500244140625,170.75,11844769,0.0,0.0
52,2025-09-03 15:30,170.96600341796875,171.69000244140625,169.52000427246094,169.9600067138672,19523133,0.0,0.0
53,2025-09-03 15:45,169.9550018310547,171.44000244140625,169.85009765625,171.16000366210938,10002876,0.0,0.0
54,2025-09-03 16:00,171.13999938964844,171.82000732421875,170.25999450683594,170.62010192871094,8280771,0.0,0.0
55,2025-09-03 16:15,170.6300048828125,171.74000549316406,170.57000732421875,171.35000610351562,6079782,0.0,0.0
56,2025-09-03 16:30,171.35000610351562,172.21499633789062,171.3000030517578,172.05999755859375,5891225,0.0,0.0
57,2025-09-03 16:45,172.05499267578125,172.41000366210938,171.80999755859375,171.91180419921875,6217290,0.0,0.0
58,2025-09-03 17:00,171.89999389648438,171.97999572753906,171.2545928955078,171.33419799804688,4617406,0.0,0.0
59,2025-09-03 17:15,171.3300018310547,171.47500610351562,170.5800018310547,170.70590209960938,5322806,0.0,0.0
60,2025-09-03 17:30,170.70579528808594,171.3000030517578,170.33999633789062,171.14500427246094,5447428,0.0,0.0
61,2025-09-03 17:45,171.14810180664062,171.4250030517578,170.94009399414062,171.13499450683594,4273067,0.0,0.0
62,2025-09-03 18:00,171.13499450683594,171.52000427246094,170.96499633789062,171.47500610351562,3749204,0.0,0.0
63,2025-09-03 18:15,171.47500610351562,171.77999877929688,171.38999938964844,171.52499389648438,3036056,0.0,0.0
64,2025-09-03 18:30,171.52999877929688,171.5449981689453,170.5800018310547,170.86500549316406,3719348,0.0,0.0
65,2025-09-03 18:45,170.86500549316406,170.97000122070312,170.57009887695312,170.91830444335938,2931884,0.0,0.0
66,2025-09-03 19:00,170.9199981689453,171.42579650878906,170.86000061035156,171.23500061035156,2888564,0.0,0.0
67,2025-09-03 19:15,171.24000549316406,171.30999755859375,170.74000549316406,170.7834930419922,2231146,0.0,0.0
68,2025-09-03 19:30,170.77999877929688,170.9499969482422,170.44000244140625,170.5050048828125,2884566,0.0,0.0
69,2025-09-03 19:45,170.50999450683594,170.64999389648438,170.03199768066406,170.1750030517578,3755883,0.0,0.0
70,2025-09-03 20:00,170.18499755859375,170.19000244140625,169.6199951171875,169.97000122070312,5029194,0.0,0.0
71,2025-09-03 20:15,169.9586944580078,169.97999572753906,169.22000122070312,169.36000061035156,5013741,0.0,0.0
72,2025-09-03 20:30,169.36500549316406,169.4665069580078,168.875,169.40499877929688,5386776,0.0,0.0
73,2025-09-03 20:45,169.40499877929688,169.50999450683594,169.11500549316406,169.35189819335938,3446488,0.0,0.0
74,2025-09-03 21:00,169.35499572753906,169.6654052734375,169.16000366210938,169.1999969482422,3580876,0.0,0.0
75,2025-09-03 21:15,169.17999267578125,169.43649291992188,169.14999389648438,169.36500549316406,3211268,0.0,0.0
76,2025-09-03 21:30,169.36000061035156,169.77999877929688,169.36000061035156,169.64500427246094,4060931,0.0,0.0
77,2025-09-03 21:45,169.64500427246094,170.63499450683594,169.5500030517578,170.6300048828125,11525702,0.0,0.0
78,2025-09-04 15:30,170.5500030517578,171.86000061035156,169.77000427246094,170.42999267578125,19528168,0.0,0.0
79,2025-09-04 15:45,170.43260192871094,170.7899932861328,169.5,170.10000610351562,8306876,0.0,0.0
80,2025-09-04 16:00,170.02999877929688,170.47000122070312,169.41000366210938,170.07000732421875,7328492,0.0,0.0
81,2025-09-04 16:15,170.06500244140625,171.08999633789062,169.7635040283203,170.8614959716797,6161874,0.0,0.0
82,2025-09-04 16:30,170.86000061035156,171.3083038330078,170.70010375976562,170.77999877929688,5364992,0.0,0.0
83,2025-09-04 16:45,170.78500366210938,170.94500732421875,170.4499969482422,170.8350067138672,4219681,0.0,0.0
84,2025-09-04 17:00,170.84500122070312,171.07000732421875,170.0800018310547,170.30999755859375,4914401,0.0,0.0
85,2025-09-04 17:15,170.29580688476562,170.95989990234375,170.27999877929688,170.8000030517578,3618685,0.0,0.0
86,2025-09-04 17:30,170.8083953857422,170.8699951171875,170.3800048828125,170.41070556640625,3133108,0.0,0.0
87,2025-09-04 17:45,170.41000366210938,170.8300018310547,170.2100067138672,170.5500030517578,3305784,0.0,0.0
88,2025-09-04 18:00,170.5500030517578,170.94000244140625,170.41000366210938,170.85499572753906,2682591,0.0,0.0
89,2025-09-04 18:15,170.86000061035156,170.9241943359375,170.39500427246094,170.46420288085938,3306854,0.0,0.0
90,2025-09-04 18:30,170.46499633789062,170.9199981689453,170.39349365234375,170.8740997314453,2429328,0.0,0.0
91,2025-09-04 18:45,170.8800048828125,171.17999267578125,170.47999572753906,170.52000427246094,3324842,0.0,0.0
92,2025-09-04 19:00,170.51499938964844,170.8300018310547,170.47999572753906,170.57000732421875,2683869,0.0,0.0
93,2025-09-04 19:15,170.55999755859375,170.64999389648438,170.4199981689453,170.4499969482422,2336889,0.0,0.0
94,2025-09-04 19:30,170.4550018310547,170.75999450683594,170.35000610351562,170.7458953857422,2649817,0.0,0.0
95,2025-09-04 19:45,170.75,170.86000061035156,170.57000732421875,170.625,2335746,0.0,0.0
96,2025-09-04 20:00,170.6199951171875,170.66000366210938,170.4199981689453,170.50999450683594,4396586,0.0,0.0
97,2025-09-04 20:15,170.50579833984375,170.66000366210938,170.38999938964844,170.41220092773438,1974074,0.0,0.0
98,2025-09-04 20:30,170.4149932861328,170.75,170.39999389648438,170.625,2478733,0.0,0.0
99,2025-09-04 20:45,170.63499450683594,170.89999389648438,170.6199951171875,170.8350067138672,2604098,0.0,0.0
100,2025-09-04 21:00,170.8350067138672,171.02999877929688,170.6699981689453,171.00819396972656,3017906,0.0,0.0
101,2025-09-04 21:15,171.0074005126953,171.1300048828125,170.8800048828125,170.90499877929688,2642366,0.0,0.0
102,2025-09-04 21:30,170.88999938964844,171.08999633789062,170.8300018310547,170.97500610351562,3589050,0.0,0.0
103,2025-09-04 21:45,170.9600067138672,171.7375946044922,170.85000610351562,171.64999389648438,10902136,0.0,0.0
104,2025-09-05 15:30,168.02999877929688,169.02999877929688,166.41000366210938,168.52000427246094,37073029,0.0,0.0
105,2025-09-05 15:45,168.52999877929688,168.52999877929688,167.37989807128906,167.6403045654297,11627906,0.0,0.0
106,2025-09-05 16:00,167.64999389648438,167.65499877929688,165.27999877929688,165.88499450683594,17778724,0.0,0.0
107,2025-09-05 16:15,165.89500427246094,166.10000610351562,164.22479248046875,165.13729858398438,18479595,0.0,0.0
108,2025-09-05 16:30,165.1300048828125,165.6300048828125,164.44000244140625,165.02999877929688,11832874,0.0,0.0
109,2025-09-05 16:45,165.0,165.7949981689453,164.52999877929688,164.5749969482422,8970643,0.0,0.0
110,2025-09-05 17:00,164.55999755859375,165.5800018310547,164.07000732421875,165.4949951171875,9925011,0.0,0.0
111,2025-09-05 17:15,165.4949951171875,166.13999938964844,165.10020446777344,166.08999633789062,7557172,0.0,0.0
112,2025-09-05 17:30,166.08680725097656,166.8300018310547,165.86000061035156,166.6800994873047,6839451,0.0,0.0
113,2025-09-05 17:45,166.67999267578125,166.9250030517578,166.27999877929688,166.4001007080078,6006186,0.0,0.0
114,2025-09-05 18:00,166.39999389648438,166.99000549316406,166.00999450683594,166.88999938964844,5365292,0.0,0.0
115,2025-09-05 18:15,166.8842010498047,166.97000122070312,166.22000122070312,166.36549377441406,4721168,0.0,0.0
116,2025-09-05 18:30,166.3699951171875,167.0399932861328,166.25999450683594,166.97999572753906,3643441,0.0,0.0
117,2025-09-05 18:45,166.97000122070312,167.13999938964844,166.47000122070312,166.8800048828125,3792330,0.0,0.0
118,2025-09-05 19:00,166.8800048828125,166.9600067138672,166.3249969482422,166.78160095214844,3459492,0.0,0.0
119,2025-09-05 19:15,166.7899932861328,166.95989990234375,166.52000427246094,166.5850067138672,3122549,0.0,0.0
120,2025-09-05 19:30,166.5850067138672,166.6300048828125,165.8800048828125,166.05499267578125,4734893,0.0,0.0
121,2025-09-05 19:45,166.0507049560547,166.18980407714844,165.89999389648438,166.122802734375,3338059,0.0,0.0
122,2025-09-05 20:00,166.1199951171875,166.49000549316406,165.94419860839844,166.47500610351562,3341630,0.0,0.0
123,2025-09-05 20:15,166.4759063720703,166.88999938964844,166.4600067138672,166.76010131835938,3590176,0.0,0.0
124,2025-09-05 20:30,166.75999450683594,166.91000366210938,166.50999450683594,166.5449981689453,2942798,0.0,0.0
125,2025-09-05 20:45,166.5449981689453,166.6199951171875,166.02999877929688,166.33999633789062,3542194,0.0,0.0
126,2025-09-05 21:00,166.3350067138672,166.88999938964844,166.1300048828125,166.78819274902344,3943419,0.0,0.0
127,2025-09-05 21:15,166.78500366210938,167.14999389648438,166.72999572753906,167.09500122070312,5804227,0.0,0.0
128,2025-09-05 21:30,167.08999633789062,167.19500732421875,166.55999755859375,166.7283935546875,5269371,0.0,0.0
129,2025-09-05 21:45,166.72000122070312,167.08999633789062,166.50999450683594,167.0399932861328,10451207,0.0,0.0
130,2025-09-08 15:30,167.55999755859375,170.1999969482422,167.4499969482422,170.0290069580078,23258929,0.0,0.0
131,2025-09-08 15:45,170.02000427246094,170.9600067138672,169.8000030517578,170.25570678710938,12594020,0.0,0.0
132,2025-09-08 16:00,170.2899932861328,170.52999877929688,169.64999389648438,169.82000732421875,8547592,0.0,0.0
133,2025-09-08 16:15,169.81500244140625,170.30999755859375,169.1999969482422,170.25999450683594,8772866,0.0,0.0
134,2025-09-08 16:30,170.25,170.4550018310547,169.88999938964844,170.13999938964844,5606317,0.0,0.0
135,2025-09-08 16:45,170.13999938964844,170.27999877929688,169.77099609375,169.88510131835938,5072190,0.0,0.0
136,2025-09-08 17:00,169.8800048828125,170.11500549316406,169.75,170.03720092773438,3469915,0.0,0.0
137,2025-09-08 17:15,170.03500366210938,170.0850067138672,169.5399932861328,169.9698944091797,4247170,0.0,0.0
138,2025-09-08 17:30,169.9600067138672,170.22999572753906,169.75,169.79420471191406,3846379,0.0,0.0
139,2025-09-08 17:45,169.79820251464844,169.97000122070312,169.25,169.9499969482422,4647781,0.0,0.0
140,2025-09-08 18:00,169.96499633789062,170.2100067138672,169.72500610351562,170.08999633789062,3701367,0.0,0.0
141,2025-09-08 18:15,170.08999633789062,170.25,169.8800048828125,170.1649932861328,3287132,0.0,0.0
142,2025-09-08 18:30,170.16000366210938,170.19509887695312,169.5,170.03500366210938,3577150,0.0,0.0
143,2025-09-08 18:45,170.0399932861328,170.1300048828125,169.7899932861328,169.96499633789062,2724536,0.0,0.0
144,2025-09-08 19:00,169.9698028564453,170.08999633789062,169.72000122070312,169.89999389648438,2314573,0.0,0.0
145,2025-09-08 19:15,169.91000366210938,170.07000732421875,169.83999633789062,169.86500549316406,2105804,0.0,0.0
146,2025-09-08 19:30,169.8699951171875,170.14520263671875,169.8618927001953,170.14520263671875,2420949,0.0,0.0
147,2025-09-08 19:45,170.13999938964844,170.16000366210938,169.52999877929688,169.8000030517578,3323713,0.0,0.0
148,2025-09-08 20:00,169.8000030517578,169.97000122070312,169.61000061035156,169.9199981689453,2339566,0.0,0.0
149,2025-09-08 20:15,169.9149932861328,170.0399932861328,169.6300048828125,169.71499633789062,2728879,0.0,0.0
150,2025-09-08 20:30,169.7100067138672,169.91000366210938,169.52999877929688,169.66990661621094,3806620,0.0,0.0
151,2025-09-08 20:45,169.66000366210938,169.69000244140625,169.22000122070312,169.26499938964844,4047095,0.0,0.0
152,2025-09-08 21:00,169.26499938964844,169.3800048828125,169.0449981689453,169.11000061035156,3779884,0.0,0.0
153,2025-09-08 21:15,169.125,169.27540588378906,168.9499969482422,169.14500427246094,3623515,0.0,0.0
154,2025-09-08 21:30,169.14999389648438,169.80999755859375,169.14999389648438,169.4857940673828,5176775,0.0,0.0
155,2025-09-08 21:45,169.47999572753906,169.7899932861328,168.11000061035156,168.3699951171875,15961586,0.0,0.0
156,2025-09-09 15:30,168.9199981689453,169.63999938964844,168.33009338378906,168.97999572753906,15055482,0.0,0.0
157,2025-09-09 15:45,168.97999572753906,169.3249969482422,167.94000244140625,168.3800048828125,8229940,0.0,0.0
158,2025-09-09 16:00,168.3800048828125,168.74000549316406,167.48989868164062,168.32989501953125,8578519,0.0,0.0
159,2025-09-09 16:15,168.3000030517578,168.4499969482422,167.9199981689453,168.0800018310547,4625664,0.0,0.0
160,2025-09-09 16:30,168.07000732421875,168.13999938964844,166.93499755859375,167.2001953125,7890613,0.0,0.0
161,2025-09-09 16:45,167.1999969482422,167.63999938964844,166.74009704589844,167.40499877929688,6529879,0.0,0.0
162,2025-09-09 17:00,167.40499877929688,167.78500366210938,167.22259521484375,167.5,4693226,0.0,0.0
163,2025-09-09 17:15,167.50999450683594,167.8300018310547,167.4949951171875,167.7550048828125,4205275,0.0,0.0
164,2025-09-09 17:30,167.7550048828125,167.83999633789062,167.44500732421875,167.67990112304688,2995327,0.0,0.0
165,2025-09-09 17:45,167.67010498046875,168.36000061035156,167.66000366210938,168.08999633789062,3922370,0.0,0.0
166,2025-09-09 18:00,168.09500122070312,168.8000030517578,168.04010009765625,168.6649932861328,3704377,0.0,0.0
167,2025-09-09 18:15,168.66099548339844,168.92999267578125,168.41749572753906,168.7050018310547,3970384,0.0,0.0
168,2025-09-09 18:30,168.7100067138672,168.8000030517578,168.44500732421875,168.5449981689453,2151173,0.0,0.0
169,2025-09-09 18:45,168.5399932861328,168.5850067138672,168.2449951171875,168.25,2288259,0.0,0.0
170,2025-09-09 19:00,168.25999450683594,168.4600067138672,168.06500244140625,168.07000732421875,2966689,0.0,0.0
171,2025-09-09 19:15,168.0800018310547,168.24000549316406,167.93580627441406,168.0850067138672,3711010,0.0,0.0
172,2025-09-09 19:30,168.08999633789062,168.10499572753906,167.84500122070312,167.89999389648438,2519002,0.0,0.0
173,2025-09-09 19:45,167.89500427246094,168.3300018310547,167.86500549316406,168.0850067138672,3063799,0.0,0.0
174,2025-09-09 20:00,168.0850067138672,168.44000244140625,167.9600067138672,168.43499755859375,3395701,0.0,0.0
175,2025-09-09 20:15,168.43499755859375,168.59500122070312,168.22000122070312,168.2449951171875,5660122,0.0,0.0
176,2025-09-09 20:30,168.25990295410156,168.4550018310547,168.1300048828125,168.3350067138672,2771949,0.0,0.0
177,2025-09-09 20:45,168.33250427246094,169.0500030517578,168.33250427246094,169.03500366210938,3803132,0.0,0.0
178,2025-09-09 21:00,169.03500366210938,169.41700744628906,169.01010131835938,169.32749938964844,4501668,0.0,0.0
179,2025-09-09 21:15,169.3300018310547,170.3699951171875,169.30999755859375,170.23989868164062,7574983,0.0,0.0
180,2025-09-09 21:30,170.24000549316406,170.47000122070312,169.83999633789062,170.0500030517578,6634994,0.0,0.0
181,2025-09-09 21:45,170.0449981689453,170.9799041748047,169.86000061035156,170.7584991455078,10614105,0.0,0.0
182,2025-09-10 15:30,176.64999389648438,178.9499969482422,175.47999572753906,178.56500244140625,46664998,0.0,0.0
183,2025-09-10 15:45,178.5800018310547,178.875,177.05999755859375,177.1800994873047,14312584,0.0,0.0
184,2025-09-10 16:00,177.1699981689453,178.1999969482422,176.81260681152344,176.89500427246094,12155373,0.0,0.0
185,2025-09-10 16:15,176.89500427246094,177.86000061035156,176.82000732421875,177.64999389648438,9187013,0.0,0.0
186,2025-09-10 16:30,177.64999389648438,178.68980407714844,177.60000610351562,178.6750030517578,10261374,0.0,0.0
187,2025-09-10 16:45,178.6750030517578,179.19000244140625,178.32000732421875,178.88499450683594,11957374,0.0,0.0
188,2025-09-10 17:00,178.88999938964844,179.2899932861328,178.6208953857422,178.99000549316406,7546366,0.0,0.0
189,2025-09-10 17:15,178.9949951171875,179.22000122070312,178.1199951171875,178.61419677734375,6919090,0.0,0.0
190,2025-09-10 17:30,178.6199951171875,178.72999572753906,177.6999969482422,177.77999877929688,5391340,0.0,0.0
191,2025-09-10 17:45,177.77000427246094,178.19500732421875,177.72000122070312,177.85020446777344,4407104,0.0,0.0
192,2025-09-10 18:00,177.85000610351562,178.0399932861328,177.50999450683594,177.80499267578125,6356512,0.0,0.0
193,2025-09-10 18:15,177.8000030517578,178.02999877929688,177.47999572753906,177.99000549316406,4791116,0.0,0.0
194,2025-09-10 18:30,177.97999572753906,178.0758056640625,177.3699951171875,177.375,3698533,0.0,0.0
195,2025-09-10 18:45,177.3800048828125,177.86000061035156,177.3800048828125,177.6750030517578,3196107,0.0,0.0
196,2025-09-10 19:00,177.6699981689453,178.05499267578125,177.41000366210938,177.9149932861328,4123865,0.0,0.0
197,2025-09-10 19:15,177.9199981689453,178.14999389648438,177.82000732421875,178.00509643554688,3438040,0.0,0.0
198,2025-09-10 19:30,178.0050048828125,178.32000732421875,177.8300018310547,178.0124969482422,3522192,0.0,0.0
199,2025-09-10 19:45,177.99000549316406,177.99000549316406,177.47500610351562,177.67999267578125,3054279,0.0,0.0
200,2025-09-10 20:00,177.67999267578125,177.69979858398438,177.25,177.35499572753906,5142208,0.0,0.0
201,2025-09-10 20:15,177.35000610351562,177.35000610351562,176.14999389648438,176.27499389648438,6800847,0.0,0.0
202,2025-09-10 20:30,176.27000427246094,176.7100067138672,176.16000366210938,176.51829528808594,4713510,0.0,0.0
203,2025-09-10 20:45,176.51499938964844,176.7100067138672,176.20989990234375,176.63499450683594,3434192,0.0,0.0
204,2025-09-10 21:00,176.63499450683594,176.7657928466797,176.02999877929688,176.05999755859375,3942165,0.0,0.0
205,2025-09-10 21:15,176.07000732421875,176.76499938964844,175.9600067138672,176.72500610351562,6448091,0.0,0.0
206,2025-09-10 21:30,176.72999572753906,177.14500427246094,176.67999267578125,177.1157989501953,5830092,0.0,0.0
207,2025-09-10 21:45,177.1300048828125,177.54510498046875,177.07000732421875,177.3300018310547,12488497,0.0,0.0
208,2025-09-11 15:30,179.69000244140625,180.27999877929688,177.61000061035156,177.96499633789062,24069104,0.01,0.0
209,2025-09-11 15:45,177.97999572753906,178.44000244140625,177.71009826660156,177.84500122070312,8785257,0.0,0.0
210,2025-09-11 16:00,177.83999633789062,178.2799072265625,176.9250030517578,177.05999755859375,8818416,0.0,0.0
211,2025-09-11 16:15,177.06900024414062,177.66099548339844,177.0500030517578,177.2550048828125,6159793,0.0,0.0
212,2025-09-11 16:30,177.2550048828125,177.9600067138672,177.22999572753906,177.9600067138672,5372908,0.0,0.0
213,2025-09-11 16:45,177.95989990234375,178.0,177.3800048828125,177.83999633789062,4404604,0.0,0.0
214,2025-09-11 17:00,177.8350067138672,178.16000366210938,177.74420166015625,177.97999572753906,4297762,0.0,0.0
215,2025-09-11 17:15,177.98500061035156,178.44000244140625,177.14999389648438,178.09500122070312,7359187,0.0,0.0
216,2025-09-11 17:30,178.08999633789062,178.52999877929688,178.05999755859375,178.09500122070312,5898494,0.0,0.0
217,2025-09-11 17:45,178.10000610351562,178.27000427246094,177.80999755859375,177.97500610351562,3138366,0.0,0.0
218,2025-09-11 18:00,177.97999572753906,178.10000610351562,177.83999633789062,177.9550018310547,2440541,0.0,0.0
219,2025-09-11 18:15,177.9550018310547,178.00999450683594,177.42999267578125,177.55810546875,3334174,0.0,0.0
220,2025-09-11 18:30,177.56419372558594,177.6999969482422,177.3300018310547,177.44500732421875,2705183,0.0,0.0
221,2025-09-11 18:45,177.44009399414062,177.4499969482422,177.02000427246094,177.30499267578125,3676769,0.0,0.0
222,2025-09-11 19:00,177.30999755859375,177.49000549316406,176.9499969482422,177.47999572753906,3336921,0.0,0.0
223,2025-09-11 19:15,177.47000122070312,177.52000427246094,177.0941925048828,177.0941925048828,2292318,0.0,0.0
224,2025-09-11 19:30,177.09500122070312,177.24000549316406,176.83999633789062,176.9250030517578,3114323,0.0,0.0
225,2025-09-11 19:45,176.92999267578125,177.1699981689453,176.47999572753906,177.12179565429688,4503049,0.0,0.0
226,2025-09-11 20:00,177.1300048828125,177.47999572753906,176.91000366210938,177.375,3956832,0.0,0.0
227,2025-09-11 20:15,177.375,177.73989868164062,177.33999633789062,177.5749969482422,4946512,0.0,0.0
228,2025-09-11 20:30,177.5800018310547,177.74000549316406,177.49000549316406,177.58999633789062,2578069,0.0,0.0
229,2025-09-11 20:45,177.5800018310547,177.67999267578125,177.4199981689453,177.5050048828125,2109581,0.0,0.0
230,2025-09-11 21:00,177.5,177.52499389648438,176.977294921875,177.0316925048828,3072426,0.0,0.0
231,2025-09-11 21:15,177.0399932861328,177.3000030517578,177.00999450683594,177.1199951171875,3162915,0.0,0.0
232,2025-09-11 21:30,177.1199951171875,177.35000610351562,176.89999389648438,176.92999267578125,3236491,0.0,0.0
233,2025-09-11 21:45,176.94000244140625,177.5,176.9300994873047,177.08999633789062,7450007,0.0,0.0
234,2025-09-12 15:30,177.5,177.8800048828125,176.4499969482422,177.62879943847656,13635015,0.0,0.0
235,2025-09-12 15:45,177.6199951171875,178.0800018310547,177.21009826660156,177.52999877929688,7308646,0.0,0.0
236,2025-09-12 16:00,177.44000244140625,178.05999755859375,177.05499267578125,177.23500061035156,5469975,0.0,0.0
237,2025-09-12 16:15,177.24830627441406,177.99000549316406,177.19009399414062,177.77499389648438,4868243,0.0,0.0
238,2025-09-12 16:30,177.77639770507812,178.2657928466797,177.63999938964844,178.11500549316406,5684078,0.0,0.0
239,2025-09-12 16:45,178.1199951171875,178.58999633789062,178.0749969482422,178.2949981689453,5044443,0.0,0.0
240,2025-09-12 17:00,178.2949981689453,178.46859741210938,177.96580505371094,178.3350067138672,3652402,0.0,0.0
241,2025-09-12 17:15,178.3300018310547,178.5500030517578,177.66000366210938,177.6750030517578,4387450,0.0,0.0
242,2025-09-12 17:30,177.6649932861328,177.8000030517578,177.38499450683594,177.41000366210938,4489667,0.0,0.0
243,2025-09-12 17:45,177.42930603027344,177.92999267578125,177.3249969482422,177.6300048828125,5456074,0.0,0.0
244,2025-09-12 18:00,177.6300048828125,178.02000427246094,177.4600067138672,177.89500427246094,3418026,0.0,0.0
245,2025-09-12 18:15,177.89500427246094,178.17999267578125,177.80499267578125,178.11000061035156,3576614,0.0,0.0
246,2025-09-12 18:30,178.10000610351562,178.21839904785156,177.8800048828125,177.90499877929688,2605838,0.0,0.0
247,2025-09-12 18:45,177.89999389648438,178.0,177.65499877929688,177.91000366210938,2467526,0.0,0.0
248,2025-09-12 19:00,177.91000366210938,178.01499938964844,177.72999572753906,177.86000061035156,1909345,0.0,0.0
249,2025-09-12 19:15,177.86819458007812,177.9199981689453,177.5,177.52499389648438,2177876,0.0,0.0
250,2025-09-12 19:30,177.52000427246094,177.78550720214844,177.5,177.71499633789062,2196463,0.0,0.0
251,2025-09-12 19:45,177.71499633789062,177.9501953125,177.6699981689453,177.82000732421875,1923756,0.0,0.0
252,2025-09-12 20:00,177.81500244140625,177.84500122070312,177.55999755859375,177.65989685058594,2193073,0.0,0.0
253,2025-09-12 20:15,177.64999389648438,177.69000244140625,177.44500732421875,177.4700927734375,2431277,0.0,0.0
254,2025-09-12 20:30,177.4720001220703,177.6999969482422,177.42999267578125,177.64500427246094,2181534,0.0,0.0
255,2025-09-12 20:45,177.64999389648438,177.94000244140625,177.41000366210938,177.80569458007812,2978271,0.0,0.0
256,2025-09-12 21:00,177.8000030517578,177.89999389648438,177.5500030517578,177.5749969482422,2272587,0.0,0.0
257,2025-09-12 21:15,177.57000732421875,177.72999572753906,177.52999877929688,177.68499755859375,2690497,0.0,0.0
258,2025-09-12 21:30,177.6842041015625,177.69000244140625,177.39999389648438,177.57000732421875,3650578,0.0,0.0
259,2025-09-12 21:45,177.55999755859375,178.0,177.4499969482422,177.7899932861328,8192275,0.0,0.0
260,2025-09-15 15:30,175.66000366210938,176.57000732421875,174.50999450683594,175.6199951171875,24333217,0.0,0.0
261,2025-09-15 15:45,175.6199951171875,176.2899932861328,175.4499969482422,175.85499572753906,7024949,0.0,0.0
262,2025-09-15 16:00,175.85000610351562,176.14239501953125,174.5850067138672,175.10499572753906,8186482,0.0,0.0
263,2025-09-15 16:15,175.11929321289062,175.74000549316406,175.0709991455078,175.48899841308594,5601697,0.0,0.0
264,2025-09-15 16:30,175.49000549316406,175.5050048828125,175.05999755859375,175.14500427246094,4442602,0.0,0.0
265,2025-09-15 16:45,175.14999389648438,175.3300018310547,174.8300018310547,175.30499267578125,5294569,0.0,0.0
266,2025-09-15 17:00,175.30499267578125,175.8699951171875,175.0800018310547,175.80499267578125,4998970,0.0,0.0
267,2025-09-15 17:15,175.80819702148438,177.25,175.75,177.02169799804688,7072432,0.0,0.0
268,2025-09-15 17:30,177.02999877929688,177.41000366210938,176.7700958251953,177.1199951171875,5183576,0.0,0.0
269,2025-09-15 17:45,177.11749267578125,178.08999633789062,177.0749969482422,177.8350067138672,6291596,0.0,0.0
270,2025-09-15 18:00,177.83999633789062,177.8699951171875,177.0601043701172,177.4499969482422,4417558,0.0,0.0
271,2025-09-15 18:15,177.44500732421875,177.85499572753906,177.41000366210938,177.5850067138672,3755428,0.0,0.0
272,2025-09-15 18:30,177.5850067138672,178.27999877929688,177.5500030517578,178.2050018310547,3557404,0.0,0.0
273,2025-09-15 18:45,178.2100067138672,178.2100067138672,177.5500030517578,177.69500732421875,4102402,0.0,0.0
274,2025-09-15 19:00,177.69500732421875,177.71209716796875,177.22999572753906,177.36500549316406,2900820,0.0,0.0
275,2025-09-15 19:15,177.36000061035156,177.44500732421875,177.14500427246094,177.27000427246094,2411292,0.0,0.0
276,2025-09-15 19:30,177.2718963623047,177.7100067138672,177.22000122070312,177.66200256347656,2728403,0.0,0.0
277,2025-09-15 19:45,177.66659545898438,177.68499755859375,177.50250244140625,177.60499572753906,1851225,0.0,0.0
278,2025-09-15 20:00,177.60499572753906,177.8800048828125,177.5399932861328,177.65499877929688,2774098,0.0,0.0
279,2025-09-15 20:15,177.64999389648438,177.83999633789062,177.52000427246094,177.52499389648438,2069925,0.0,0.0
280,2025-09-15 20:30,177.52499389648438,177.85000610351562,177.14999389648438,177.19500732421875,3254210,0.0,0.0
281,2025-09-15 20:45,177.19500732421875,177.41000366210938,176.97000122070312,177.11509704589844,3049144,0.0,0.0
282,2025-09-15 21:00,177.11000061035156,177.3000030517578,177.02000427246094,177.09500122070312,2628816,0.0,0.0
283,2025-09-15 21:15,177.08999633789062,177.25,176.92340087890625,177.19500732421875,4050165,0.0,0.0
284,2025-09-15 21:30,177.1920928955078,177.25,176.9149932861328,177.11000061035156,3882045,0.0,0.0
285,2025-09-15 21:45,177.11000061035156,178.85000610351562,177.08999633789062,177.77999877929688,10240919,0.0,0.0
286,2025-09-16 15:30,177.0,177.1199951171875,175.80999755859375,176.84500122070312,10299034,0.0,0.0
287,2025-09-16 15:45,176.84500122070312,176.9199981689453,175.7100067138672,176.1300048828125,5811439,0.0,0.0
288,2025-09-16 16:00,176.1300048828125,176.60000610351562,176.09860229492188,176.45899963378906,3824703,0.0,0.0
289,2025-09-16 16:15,176.4550018310547,176.67999267578125,176.19000244140625,176.31500244140625,3426051,0.0,0.0
290,2025-09-16 16:30,176.30999755859375,176.85000610351562,176.2100067138672,176.41000366210938,3214777,0.0,0.0
291,2025-09-16 16:45,176.41000366210938,176.65499877929688,176.1300048828125,176.52549743652344,3034521,0.0,0.0
292,2025-09-16 17:00,176.52999877929688,176.5449981689453,175.82000732421875,175.9398956298828,3517018,0.0,0.0
293,2025-09-16 17:15,175.92999267578125,176.32000732421875,175.86000061035156,176.13999938964844,2989993,0.0,0.0
294,2025-09-16 17:30,176.1300048828125,176.19500732421875,175.91000366210938,176.06500244140625,2178013,0.0,0.0
295,2025-09-16 17:45,176.06500244140625,176.13999938964844,175.25,175.3188018798828,4224249,0.0,0.0
296,2025-09-16 18:00,175.31500244140625,175.37989807128906,174.80999755859375,175.13999938964844,4514506,0.0,0.0
297,2025-09-16 18:15,175.13619995117188,175.27499389648438,174.92999267578125,175.26499938964844,2483056,0.0,0.0
298,2025-09-16 18:30,175.26499938964844,175.3300018310547,175.01499938964844,175.1063995361328,1910531,0.0,0.0
299,2025-09-16 18:45,175.11000061035156,175.25999450683594,174.9499969482422,174.9499969482422,2334368,0.0,0.0
300,2025-09-16 19:00,174.9600067138672,175.39999389648438,174.9499969482422,175.29510498046875,2366336,0.0,0.0
301,2025-09-16 19:15,175.2899932861328,175.3800048828125,175.0500030517578,175.14999389648438,1893096,0.0,0.0
302,2025-09-16 19:30,175.154296875,175.17999267578125,174.8300018310547,174.94500732421875,2341027,0.0,0.0
303,2025-09-16 19:45,174.94000244140625,175.1199951171875,174.77000427246094,174.9687957763672,1955377,0.0,0.0
304,2025-09-16 20:00,174.9691925048828,174.9691925048828,174.64999389648438,174.68809509277344,2235160,0.0,0.0
305,2025-09-16 20:15,174.68649291992188,175.1300048828125,174.6699981689453,174.77499389648438,2241081,0.0,0.0
306,2025-09-16 20:30,174.77999877929688,174.9499969482422,174.72000122070312,174.90499877929688,1899395,0.0,0.0
307,2025-09-16 20:45,174.90420532226562,174.97000122070312,174.67999267578125,174.96449279785156,2240276,0.0,0.0
308,2025-09-16 21:00,174.96499633789062,175.22000122070312,174.9199981689453,174.93179321289062,2341641,0.0,0.0
309,2025-09-16 21:15,174.93499755859375,175.0,174.74000549316406,174.75,2423642,0.0,0.0
310,2025-09-16 21:30,174.7449951171875,174.80999755859375,174.3800048828125,174.4799041748047,3829792,0.0,0.0
311,2025-09-16 21:45,174.47500610351562,175.16000366210938,174.47000122070312,174.8300018310547,7078674,0.0,0.0
312,2025-09-17 15:30,172.5800018310547,173.1999969482422,170.23500061035156,170.32989501953125,26192849,0.0,0.0
313,2025-09-17 15:45,170.32000732421875,171.6199951171875,170.22500610351562,170.84429931640625,12664860,0.0,0.0
314,2025-09-17 16:00,170.84500122070312,170.99989318847656,170.3000030517578,170.86000061035156,8220601,0.0,0.0
315,2025-09-17 16:15,170.85499572753906,170.91000366210938,169.76499938964844,170.1199951171875,9303050,0.0,0.0
316,2025-09-17 16:30,170.1300048828125,170.66000366210938,169.7700958251953,169.77999877929688,6658656,0.0,0.0
317,2025-09-17 16:45,169.78500366210938,170.24000549316406,169.6699981689453,170.0926055908203,6804076,0.0,0.0
318,2025-09-17 17:00,170.09500122070312,170.3000030517578,169.9199981689453,170.2949981689453,4809852,0.0,0.0
319,2025-09-17 17:15,170.2899932861328,170.77999877929688,170.25999450683594,170.40499877929688,6229332,0.0,0.0
320,2025-09-17 17:30,170.39999389648438,170.4600067138672,169.86000061035156,170.01499938964844,4240224,0.0,0.0
321,2025-09-17 17:45,170.02000427246094,170.1300048828125,169.38999938964844,169.56979370117188,6367327,0.0,0.0
322,2025-09-17 18:00,169.57000732421875,169.77000427246094,169.30999755859375,169.74000549316406,5060805,0.0,0.0
323,2025-09-17 18:15,169.75999450683594,169.97000122070312,169.67999267578125,169.87840270996094,3869122,0.0,0.0
324,2025-09-17 18:30,169.88999938964844,169.89500427246094,169.35000610351562,169.49989318847656,3904180,0.0,0.0
325,2025-09-17 18:45,169.4949951171875,169.9199981689453,169.27000427246094,169.89500427246094,3803343,0.0,0.0
326,2025-09-17 19:00,169.89500427246094,170.17269897460938,169.8300018310547,170.02999877929688,4020752,0.0,0.0
327,2025-09-17 19:15,170.03500366210938,170.27999877929688,169.91600036621094,170.23500061035156,2831178,0.0,0.0
328,2025-09-17 19:30,170.25,171.0800018310547,170.1699981689453,170.89500427246094,5340137,0.0,0.0
329,2025-09-17 19:45,170.8903045654297,171.16000366210938,170.72000122070312,171.10000610351562,3746813,0.0,0.0
330,2025-09-17 20:00,171.09039306640625,171.60000610351562,168.8000030517578,168.8199005126953,10610199,0.0,0.0
331,2025-09-17 20:15,168.82000732421875,170.30999755859375,168.64999389648438,170.19580078125,8467696,0.0,0.0
332,2025-09-17 20:30,170.2100067138672,170.35000610351562,168.85000610351562,169.0850067138672,8779935,0.0,0.0
333,2025-09-17 20:45,169.0800018310547,169.72999572753906,168.41000366210938,169.7100067138672,8783202,0.0,0.0
334,2025-09-17 21:00,169.6999969482422,171.0500030517578,169.61000061035156,170.17999267578125,8971891,0.0,0.0
335,2025-09-17 21:15,170.17999267578125,171.39999389648438,170.13999938964844,171.18850708007812,6601582,0.0,0.0
336,2025-09-17 21:30,171.19639587402344,171.27999877929688,170.4600067138672,170.6199951171875,5908519,0.0,0.0
337,2025-09-17 21:45,170.6199951171875,170.73500061035156,170.1199951171875,170.2100067138672,10695694,0.0,0.0
338,2025-09-18 15:30,174.0570068359375,175.3800048828125,173.1999969482422,173.3300018310547,32068273,0.0,0.0
339,2025-09-18 15:45,173.33999633789062,173.99000549316406,172.9600067138672,173.53500366210938,9954520,0.0,0.0
340,2025-09-18 16:00,173.53500366210938,174.9676055908203,173.5054931640625,174.92019653320312,9131765,0.0,0.0
341,2025-09-18 16:15,174.9250030517578,175.8000030517578,174.56500244140625,175.77490234375,9568130,0.0,0.0
342,2025-09-18 16:30,175.77000427246094,176.24000549316406,175.27999877929688,175.32000732421875,9994454,0.0,0.0
343,2025-09-18 16:45,175.30999755859375,175.74000549316406,175.08999633789062,175.27430725097656,6559761,0.0,0.0
344,2025-09-18 17:00,175.27999877929688,176.07000732421875,175.2550048828125,175.92999267578125,5924351,0.0,0.0
345,2025-09-18 17:15,175.9250030517578,176.38999938964844,175.8699951171875,176.2550048828125,5935312,0.0,0.0
346,2025-09-18 17:30,176.25570678710938,176.57000732421875,175.72000122070312,175.83999633789062,6309171,0.0,0.0
347,2025-09-18 17:45,175.83009338378906,176.2100067138672,175.46499633789062,176.00509643554688,4189009,0.0,0.0
348,2025-09-18 18:00,176.0,176.27780151367188,175.80499267578125,176.14500427246094,3870326,0.0,0.0
349,2025-09-18 18:15,176.14500427246094,176.49000549316406,176.1199951171875,176.25999450683594,3430095,0.0,0.0
350,2025-09-18 18:30,176.2519073486328,176.4199981689453,176.1999969482422,176.2449951171875,2740316,0.0,0.0
351,2025-09-18 18:45,176.25,176.7100067138672,176.22999572753906,176.585693359375,3933865,0.0,0.0
352,2025-09-18 19:00,176.5850067138672,176.8000030517578,176.4250030517578,176.72999572753906,3726190,0.0,0.0
353,2025-09-18 19:15,176.73500061035156,176.92999267578125,176.57000732421875,176.6199951171875,3744736,0.0,0.0
354,2025-09-18 19:30,176.6199951171875,176.62930297851562,176.10000610351562,176.28500366210938,3912009,0.0,0.0
355,2025-09-18 19:45,176.28500366210938,176.50990295410156,176.19000244140625,176.28500366210938,2838231,0.0,0.0
356,2025-09-18 20:00,176.27000427246094,176.6699981689453,176.11000061035156,176.19500732421875,4384031,0.0,0.0
357,2025-09-18 20:15,176.1999969482422,176.72900390625,176.0,176.55499267578125,3763239,0.0,0.0
358,2025-09-18 20:30,176.55499267578125,176.7899932861328,176.50999450683594,176.61500549316406,3180513,0.0,0.0
359,2025-09-18 20:45,176.6199951171875,177.08999633789062,176.61500549316406,176.85000610351562,4878308,0.0,0.0
360,2025-09-18 21:00,176.86000061035156,176.89500427246094,176.57200622558594,176.5800018310547,3598337,0.0,0.0
361,2025-09-18 21:15,176.57000732421875,176.8350067138672,176.2899932861328,176.34500122070312,3793880,0.0,0.0
362,2025-09-18 21:30,176.33999633789062,177.10000610351562,176.2899932861328,176.69009399414062,9061062,0.0,0.0
363,2025-09-18 21:45,176.69500732421875,176.7100067138672,174.2100067138672,176.27999877929688,9907445,0.0,0.0
364,2025-09-19 15:30,176.10000610351562,176.8000030517578,175.17999267578125,176.5800018310547,34326367,0.0,0.0
365,2025-09-19 15:45,176.58999633789062,177.02000427246094,176.25999450683594,176.60989379882812,6971212,0.0,0.0
366,2025-09-19 16:00,176.61000061035156,177.77999877929688,176.52000427246094,177.7637939453125,8277061,0.0,0.0
367,2025-09-19 16:15,177.76499938964844,177.789306640625,177.1300048828125,177.7050018310547,6527950,0.0,0.0
368,2025-09-19 16:30,177.6999969482422,178.0800018310547,177.31210327148438,177.33999633789062,7036309,0.0,0.0
369,2025-09-19 16:45,177.3350067138672,177.5050048828125,177.0500030517578,177.15499877929688,4428650,0.0,0.0
370,2025-09-19 17:00,177.15499877929688,177.27499389648438,176.57000732421875,176.9550018310547,4829572,0.0,0.0
371,2025-09-19 17:15,176.95509338378906,176.96499633789062,176.1649932861328,176.3000030517578,5506233,0.0,0.0
372,2025-09-19 17:30,176.298095703125,176.298095703125,175.8000030517578,176.1649932861328,5221104,0.0,0.0
373,2025-09-19 17:45,176.1649932861328,176.57989501953125,176.13009643554688,176.38499450683594,4684608,0.0,0.0
374,2025-09-19 18:00,176.38540649414062,176.47000122070312,175.95150756835938,175.97999572753906,3581820,0.0,0.0
375,2025-09-19 18:15,175.98500061035156,176.1999969482422,175.94000244140625,176.0677032470703,2845350,0.0,0.0
376,2025-09-19 18:30,176.05999755859375,176.10000610351562,175.72000122070312,175.9600067138672,3379010,0.0,0.0
377,2025-09-19 18:45,175.95010375976562,176.02000427246094,175.75999450683594,175.7899932861328,2366054,0.0,0.0
378,2025-09-19 19:00,175.7899932861328,175.9149932861328,175.7100067138672,175.74819946289062,2253710,0.0,0.0
379,2025-09-19 19:15,175.75,175.9199981689453,175.55999755859375,175.88499450683594,4388777,0.0,0.0
380,2025-09-19 19:30,175.88499450683594,176.22500610351562,175.83999633789062,176.0,3803154,0.0,0.0
381,2025-09-19 19:45,176.00779724121094,176.18499755859375,175.71499633789062,175.77999877929688,2656421,0.0,0.0
382,2025-09-19 20:00,175.78500366210938,175.89979553222656,175.62440490722656,175.80999755859375,3112249,0.0,0.0
383,2025-09-19 20:15,175.81500244140625,175.88999938964844,175.57260131835938,175.59500122070312,3929316,0.0,0.0
384,2025-09-19 20:30,175.59500122070312,176.0198974609375,175.5500030517578,175.94500732421875,3032773,0.0,0.0
385,2025-09-19 20:45,175.94500732421875,176.20509338378906,175.8699951171875,176.11000061035156,2968870,0.0,0.0
386,2025-09-19 21:00,176.10499572753906,176.28509521484375,175.99000549316406,176.1522979736328,3236229,0.0,0.0
387,2025-09-19 21:15,176.15499877929688,176.47999572753906,175.88499450683594,176.31500244140625,5069019,0.0,0.0
388,2025-09-19 21:30,176.30999755859375,176.4149932861328,176.02000427246094,176.0749969482422,4425535,0.0,0.0
389,2025-09-19 21:45,176.0749969482422,178.0,175.8300018310547,176.5019073486328,13680295,0.0,0.0
390,2025-09-22 15:30,175.35000610351562,175.9499969482422,174.70530700683594,175.6699981689453,14973425,0.0,0.0
391,2025-09-22 15:45,175.6750030517578,176.07000732421875,175.24000549316406,175.4600067138672,6231095,0.0,0.0
392,2025-09-22 16:00,175.47500610351562,175.7299041748047,175.1199951171875,175.41000366210938,5495562,0.0,0.0
393,2025-09-22 16:15,175.41000366210938,175.44000244140625,174.98500061035156,175.4199981689453,5164992,0.0,0.0
394,2025-09-22 16:30,175.4199981689453,176.02999877929688,175.27000427246094,175.96499633789062,4818346,0.0,0.0
395,2025-09-22 16:45,175.96499633789062,176.0800018310547,175.67999267578125,175.75,4427584,0.0,0.0
396,2025-09-22 17:00,175.72999572753906,175.9600067138672,175.4600067138672,175.48989868164062,3123375,0.0,0.0
397,2025-09-22 17:15,175.48460388183594,175.60000610351562,175.27499389648438,175.46009826660156,3646709,0.0,0.0
398,2025-09-22 17:30,175.47000122070312,175.9199981689453,175.39999389648438,175.86500549316406,3032962,0.0,0.0
399,2025-09-22 17:45,175.8699951171875,175.98500061035156,175.41000366210938,175.5,2991316,0.0,0.0
400,2025-09-22 18:00,175.5,180.3800048828125,175.4949951171875,180.3699951171875,27799237,0.0,0.0
401,2025-09-22 18:15,180.37930297851562,182.49000549316406,180.07000732421875,182.1999969482422,30867072,0.0,0.0
402,2025-09-22 18:30,182.1999969482422,183.82000732421875,182.02999877929688,183.51499938964844,22929502,0.0,0.0
403,2025-09-22 18:45,183.51499938964844,184.5500030517578,182.68389892578125,183.83999633789062,18228721,0.0,0.0
404,2025-09-22 19:00,183.83999633789062,184.0657958984375,183.07000732421875,183.125,10715488,0.0,0.0
405,2025-09-22 19:15,183.1300048828125,183.34500122070312,182.41000366210938,182.9949951171875,9318485,0.0,0.0
406,2025-09-22 19:30,182.99000549316406,183.05999755859375,182.3350067138672,182.9550018310547,6451784,0.0,0.0
407,2025-09-22 19:45,182.95010375976562,183.69000244140625,182.8572998046875,183.0800018310547,6749568,0.0,0.0
408,2025-09-22 20:00,183.0800018310547,183.25,182.50999450683594,182.860107421875,5723464,0.0,0.0
409,2025-09-22 20:15,182.86000061035156,183.25,182.6300048828125,182.68499755859375,5090672,0.0,0.0
410,2025-09-22 20:30,182.68499755859375,183.03619384765625,182.52000427246094,182.94500732421875,5342696,0.0,0.0
411,2025-09-22 20:45,182.94500732421875,183.36000061035156,182.83999633789062,183.3300018310547,5085757,0.0,0.0
412,2025-09-22 21:00,183.32000732421875,183.9573974609375,183.32000732421875,183.89500427246094,7227942,0.0,0.0
413,2025-09-22 21:15,183.88999938964844,183.9199981689453,183.02000427246094,183.26010131835938,7079236,0.0,0.0
414,2025-09-22 21:30,183.27000427246094,183.32969665527344,182.63999938964844,182.96499633789062,7703133,0.0,0.0
415,2025-09-22 21:45,182.96499633789062,183.80099487304688,182.81500244140625,183.61000061035156,16038540,0.0,0.0
416,2025-09-23 15:30,181.53140258789062,182.4199981689453,179.86000061035156,179.97999572753906,18399363,0.0,0.0
417,2025-09-23 15:45,179.9770965576172,180.77999877929688,179.35000610351562,179.56500244140625,9377434,0.0,0.0
418,2025-09-23 16:00,179.57000732421875,180.23989868164062,179.14500427246094,180.17820739746094,7390981,0.0,0.0
419,2025-09-23 16:15,180.1699981689453,180.8199005126953,179.8800048828125,180.6522979736328,5950626,0.0,0.0
420,2025-09-23 16:30,180.66000366210938,180.77000427246094,179.58999633789062,179.69500732421875,5088708,0.0,0.0
421,2025-09-23 16:45,179.6999969482422,180.2198944091797,179.41099548339844,179.84500122070312,4345268,0.0,0.0
422,2025-09-23 17:00,179.85000610351562,180.5500030517578,179.6699981689453,180.2899932861328,3359143,0.0,0.0
423,2025-09-23 17:15,180.2949981689453,180.5279998779297,180.10000610351562,180.21499633789062,2490479,0.0,0.0
424,2025-09-23 17:30,180.22999572753906,180.3699951171875,179.85000610351562,180.20509338378906,2783129,0.0,0.0
425,2025-09-23 17:45,180.2050018310547,180.3300018310547,179.91009521484375,179.96510314941406,2340400,0.0,0.0
426,2025-09-23 18:00,179.96499633789062,180.13999938964844,179.35000610351562,179.64810180664062,3295911,0.0,0.0
427,2025-09-23 18:15,179.64500427246094,179.86000061035156,179.34500122070312,179.485595703125,3153837,0.0,0.0
428,2025-09-23 18:30,179.49000549316406,179.75,179.3209991455078,179.47000122070312,2608013,0.0,0.0
429,2025-09-23 18:45,179.47000122070312,179.57000732421875,178.83999633789062,179.19009399414062,4050038,0.0,0.0
430,2025-09-23 19:00,179.19509887695312,179.36000061035156,178.7899932861328,179.1999969482422,3123992,0.0,0.0
431,2025-09-23 19:15,179.1999969482422,179.2899932861328,178.57000732421875,178.69000244140625,3409542,0.0,0.0
432,2025-09-23 19:30,178.69000244140625,178.77000427246094,177.3000030517578,177.84860229492188,6818812,0.0,0.0
433,2025-09-23 19:45,177.85000610351562,178.38999938964844,177.6114959716797,178.2550048828125,44412621,0.0,0.0
434,2025-09-23 20:00,178.27200317382812,178.3874053955078,177.67999267578125,177.8950958251953,4150572,0.0,0.0
435,2025-09-23 20:15,177.88999938964844,178.07000732421875,177.44500732421875,177.89500427246094,4091960,0.0,0.0
436,2025-09-23 20:30,177.89999389648438,178.08470153808594,177.63999938964844,177.9149932861328,3230232,0.0,0.0
437,2025-09-23 20:45,177.9149932861328,178.22000122070312,177.89149475097656,178.14500427246094,3655721,0.0,0.0
438,2025-09-23 21:00,178.14500427246094,178.52000427246094,178.1300048828125,178.19189453125,4076852,0.0,0.0
439,2025-09-23 21:15,178.1999969482422,178.61000061035156,178.0399932861328,178.10000610351562,3850075,0.0,0.0
440,2025-09-23 21:30,178.11000061035156,178.69000244140625,178.0500030517578,178.68499755859375,4368796,0.0,0.0
441,2025-09-23 21:45,178.68499755859375,178.9149932861328,176.2100067138672,178.4499969482422,10134318,0.0,0.0
442,2025-09-24 15:30,179.25,179.6300048828125,178.25999450683594,179.0500030517578,10415679,0.0,0.0
443,2025-09-24 15:45,179.03500366210938,179.10499572753906,177.60000610351562,178.33929443359375,6280305,0.0,0.0
444,2025-09-24 16:00,178.33999633789062,178.99000549316406,178.2700958251953,178.92019653320312,4499572,0.0,0.0
445,2025-09-24 16:15,178.92999267578125,179.11000061035156,178.35000610351562,178.4949951171875,3577887,0.0,0.0
446,2025-09-24 16:30,178.47999572753906,178.62820434570312,177.97999572753906,178.58999633789062,3428875,0.0,0.0
447,2025-09-24 16:45,178.58990478515625,178.875,178.0500030517578,178.06500244140625,2952751,0.0,0.0
448,2025-09-24 17:00,178.0644073486328,178.4199981689453,177.93499755859375,178.2550048828125,2949893,0.0,0.0
449,2025-09-24 17:15,178.2550048828125,178.50999450683594,177.9199981689453,178.3542022705078,2630025,0.0,0.0
450,2025-09-24 17:30,178.35499572753906,178.3800048828125,177.3800048828125,177.5850067138672,3720550,0.0,0.0
451,2025-09-24 17:45,177.5850067138672,177.5850067138672,176.17999267578125,176.25,6511687,0.0,0.0
452,2025-09-24 18:00,176.25999450683594,176.50999450683594,175.39999389648438,175.9199981689453,5493568,0.0,0.0
453,2025-09-24 18:15,175.9199981689453,176.41000366210938,175.5800018310547,176.2449951171875,4076627,0.0,0.0
454,2025-09-24 18:30,176.2550048828125,176.4499969482422,175.74000549316406,176.17999267578125,3201917,0.0,0.0
455,2025-09-24 18:45,176.1999969482422,176.39500427246094,175.92579650878906,176.375,2250096,0.0,0.0
456,2025-09-24 19:00,176.3800048828125,177.17999267578125,176.3415985107422,176.94500732421875,3172715,0.0,0.0
457,2025-09-24 19:15,176.94000244140625,177.22129821777344,176.8800048828125,177.12010192871094,2248002,0.0,0.0
458,2025-09-24 19:30,177.1300048828125,177.33999633789062,176.89999389648438,176.97500610351562,2083546,0.0,0.0
459,2025-09-24 19:45,176.97560119628906,177.02999877929688,176.6300048828125,176.9149932861328,1847527,0.0,0.0
460,2025-09-24 20:00,176.91000366210938,177.33999633789062,176.4801025390625,176.85499572753906,2697782,0.0,0.0
461,2025-09-24 20:15,176.86000061035156,177.0,176.5500030517578,176.72000122070312,2170117,0.0,0.0
462,2025-09-24 20:30,176.73500061035156,176.97500610351562,176.54510498046875,176.78500366210938,1715802,0.0,0.0
463,2025-09-24 20:45,176.77999877929688,177.24000549316406,176.6999969482422,177.15499877929688,1839521,0.0,0.0
464,2025-09-24 21:00,177.15499877929688,177.33999633789062,177.02000427246094,177.02000427246094,2037276,0.0,0.0
465,2025-09-24 21:15,177.02999877929688,177.2100067138672,176.92999267578125,177.05999755859375,1934369,0.0,0.0
466,2025-09-24 21:30,177.0699005126953,177.22000122070312,176.72999572753906,176.75,2293220,0.0,0.0
467,2025-09-24 21:45,176.7449951171875,177.17999267578125,176.7050018310547,176.8800048828125,4292270,0.0,0.0
468,2025-09-25 15:30,174.0,175.0,173.1300048828125,173.13999938964844,14433638,0.0,0.0
469,2025-09-25 15:45,173.13999938964844,175.60000610351562,173.125,174.9499053955078,7763398,0.0,0.0
470,2025-09-25 16:00,174.9499969482422,176.80999755859375,174.94009399414062,176.3563995361328,7022014,0.0,0.0
471,2025-09-25 16:15,176.3699951171875,177.64999389648438,176.36500549316406,177.14500427246094,6337681,0.0,0.0
472,2025-09-25 16:30,177.15499877929688,177.86000061035156,176.92999267578125,177.66940307617188,5151005,0.0,0.0
473,2025-09-25 16:45,177.6750030517578,178.32000732421875,177.42820739746094,177.84500122070312,5391394,0.0,0.0
474,2025-09-25 17:00,177.83999633789062,178.57000732421875,177.22999572753906,178.47000122070312,4707376,0.0,0.0
475,2025-09-25 17:15,178.46099853515625,178.5,177.7899932861328,178.0301055908203,3432151,0.0,0.0
476,2025-09-25 17:30,178.02999877929688,179.46170043945312,178.02999877929688,179.2700958251953,5494992,0.0,0.0
477,2025-09-25 17:45,179.26499938964844,179.97000122070312,179.2449951171875,179.9250030517578,4979176,0.0,0.0
478,2025-09-25 18:00,179.92999267578125,180.25999450683594,179.36000061035156,179.5800018310547,5755050,0.0,0.0
479,2025-09-25 18:15,179.5850067138672,180.1199951171875,179.15499877929688,179.26510620117188,4455083,0.0,0.0
480,2025-09-25 18:30,179.27000427246094,179.75790405273438,178.71009826660156,178.97500610351562,3723001,0.0,0.0
481,2025-09-25 18:45,178.97999572753906,179.08999633789062,178.47019958496094,178.61990356445312,3257815,0.0,0.0
482,2025-09-25 19:00,178.6199951171875,178.72000122070312,178.22000122070312,178.35499572753906,3231355,0.0,0.0
483,2025-09-25 19:15,178.36000061035156,178.39999389648438,177.40440368652344,177.9799041748047,4350733,0.0,0.0
484,2025-09-25 19:30,177.97500610351562,178.13999938964844,176.97000122070312,177.09500122070312,4086176,0.0,0.0
485,2025-09-25 19:45,177.08999633789062,177.1450958251953,176.27999877929688,176.38009643554688,4461409,0.0,0.0
486,2025-09-25 20:00,176.38999938964844,176.42999267578125,175.5482940673828,176.2449951171875,5795476,0.0,0.0
487,2025-09-25 20:15,176.23500061035156,177.24000549316406,176.23500061035156,177.20989990234375,3697125,0.0,0.0
488,2025-09-25 20:30,177.20179748535156,177.75,176.9600067138672,177.2899932861328,3893709,0.0,0.0
489,2025-09-25 20:45,177.2899932861328,177.60000610351562,176.9250030517578,177.30499267578125,3374051,0.0,0.0
490,2025-09-25 21:00,177.2899932861328,177.4199981689453,176.9499969482422,176.9949951171875,2466481,0.0,0.0
491,2025-09-25 21:15,176.99180603027344,177.3350067138672,176.77000427246094,177.0749969482422,2965144,0.0,0.0
492,2025-09-25 21:30,177.0800018310547,177.22830200195312,176.83999633789062,177.18499755859375,2896131,0.0,0.0
493,2025-09-25 21:45,177.1875,177.94000244140625,177.11000061035156,177.67999267578125,6342757,0.0,0.0
494,2025-09-26 15:30,177.0,178.63999938964844,176.95919799804688,177.06190490722656,10794280,0.0,0.0
495,2025-09-26 15:45,177.07000732421875,177.46499633789062,176.5,177.02000427246094,5425225,0.0,0.0
496,2025-09-26 16:00,177.02499389648438,177.47999572753906,175.9600067138672,176.49000549316406,5838567,0.0,0.0
497,2025-09-26 16:15,176.48500061035156,176.75,174.92999267578125,175.58999633789062,6205278,0.0,0.0
498,2025-09-26 16:30,175.59010314941406,176.77769470214844,175.36500549316406,176.5576934814453,5248934,0.0,0.0
499,2025-09-26 16:45,176.55999755859375,176.67999267578125,175.6999969482422,175.85000610351562,4410976,0.0,0.0
500,2025-09-26 17:00,175.83999633789062,176.50999450683594,175.78500366210938,175.8800048828125,3303613,0.0,0.0
501,2025-09-26 17:15,175.8800048828125,176.76510620117188,175.83999633789062,176.7449951171875,3415807,0.0,0.0
502,2025-09-26 17:30,176.75,176.8000030517578,175.91940307617188,176.3321075439453,2956318,0.0,0.0
503,2025-09-26 17:45,176.3350067138672,176.5,175.8300018310547,175.9149932861328,2931100,0.0,0.0
504,2025-09-26 18:00,175.9199981689453,176.27000427246094,175.77999877929688,176.05499267578125,2325660,0.0,0.0
505,2025-09-26 18:15,176.0500030517578,176.89999389648438,176.00999450683594,176.52999877929688,2801761,0.0,0.0
506,2025-09-26 18:30,176.52650451660156,177.09500122070312,176.1699981689453,177.05499267578125,2458088,0.0,0.0
507,2025-09-26 18:45,177.0500030517578,177.4499969482422,176.9499969482422,177.3282928466797,2837826,0.0,0.0
508,2025-09-26 19:00,177.3300018310547,177.57000732421875,176.94500732421875,177.35000610351562,4412748,0.0,0.0
509,2025-09-26 19:15,177.3502960205078,177.39999389648438,177.0601043701172,177.15499877929688,1901050,0.0,0.0
510,2025-09-26 19:30,177.1533966064453,177.56500244140625,177.10000610351562,177.27499389648438,1909012,0.0,0.0
511,2025-09-26 19:45,177.27999877929688,177.3800048828125,176.9705047607422,177.35769653320312,1833080,0.0,0.0
512,2025-09-26 20:00,177.35220336914062,177.63999938964844,177.22500610351562,177.4250030517578,2211207,0.0,0.0
513,2025-09-26 20:15,177.4149932861328,177.9199981689453,177.41000366210938,177.7342987060547,2446944,0.0,0.0
514,2025-09-26 20:30,177.74000549316406,177.80999755859375,177.48500061035156,177.6199951171875,2068259,0.0,0.0
515,2025-09-26 20:45,177.61000061035156,177.66000366210938,177.27999877929688,177.375,2093879,0.0,0.0
516,2025-09-26 21:00,177.3800048828125,177.63999938964844,177.17999267578125,177.36500549316406,2037330,0.0,0.0
517,2025-09-26 21:15,177.36500549316406,177.7899932861328,177.2899932861328,177.68499755859375,2174232,0.0,0.0
518,2025-09-26 21:30,177.6800994873047,177.8300018310547,177.49899291992188,177.63499450683594,2860186,0.0,0.0
519,2025-09-26 21:45,177.64999389648438,178.27999877929688,177.5,178.19000244140625,47898947,0.0,0.0
520,2025-09-29 15:30,181.5,183.72999572753906,181.4600067138672,183.60000610351562,20976621,0.0,0.0
521,2025-09-29 15:45,183.60000610351562,184.0,182.8209991455078,183.09500122070312,8473520,0.0,0.0
522,2025-09-29 16:00,183.10499572753906,183.60000610351562,182.681396484375,183.03500366210938,6089503,0.0,0.0
523,2025-09-29 16:15,183.0399932861328,183.6199951171875,182.5399932861328,183.375,5573105,0.0,0.0
524,2025-09-29 16:30,183.375,183.50999450683594,182.85000610351562,183.35000610351562,4852108,0.0,0.0
525,2025-09-29 16:45,183.35499572753906,183.8800048828125,183.05999755859375,183.61500549316406,5343258,0.0,0.0
526,2025-09-29 17:00,183.60499572753906,183.75999450683594,182.6199951171875,182.7899932861328,4739845,0.0,0.0
527,2025-09-29 17:15,182.7899932861328,183.0850067138672,182.1699981689453,182.3249969482422,6280078,0.0,0.0
528,2025-09-29 17:30,182.3249969482422,182.52000427246094,181.97000122070312,182.38299560546875,3744609,0.0,0.0
529,2025-09-29 17:45,182.3800048828125,182.57000732421875,181.8000030517578,182.125,3744795,0.0,0.0
530,2025-09-29 18:00,182.1300048828125,182.23500061035156,181.5800018310547,181.94000244140625,3076384,0.0,0.0
531,2025-09-29 18:15,181.93739318847656,182.10499572753906,181.44000244140625,182.02999877929688,2932190,0.0,0.0
532,2025-09-29 18:30,182.03819274902344,182.30799865722656,181.97000122070312,181.98500061035156,2328435,0.0,0.0
533,2025-09-29 18:45,181.97999572753906,182.1676025390625,181.61000061035156,181.72189331054688,2380920,0.0,0.0
534,2025-09-29 19:00,181.72799682617188,181.8997039794922,181.27999877929688,181.76499938964844,2419629,0.0,0.0
535,2025-09-29 19:15,181.76499938964844,182.07000732421875,181.5800018310547,181.9031982421875,2111761,0.0,0.0
536,2025-09-29 19:30,181.89999389648438,182.16000366210938,181.72500610351562,181.9499969482422,1980695,0.0,0.0
537,2025-09-29 19:45,181.94790649414062,182.22000122070312,181.67999267578125,182.1699981689453,2021477,0.0,0.0
538,2025-09-29 20:00,182.16000366210938,182.26739501953125,181.82000732421875,182.125,1766697,0.0,0.0
539,2025-09-29 20:15,182.1199951171875,182.15499877929688,181.69009399414062,181.7100067138672,1784007,0.0,0.0
540,2025-09-29 20:30,181.6999969482422,181.84500122070312,181.47999572753906,181.64999389648438,2050546,0.0,0.0
541,2025-09-29 20:45,181.64010620117188,181.82009887695312,181.47999572753906,181.71499633789062,2157785,0.0,0.0
542,2025-09-29 21:00,181.72000122070312,181.74000549316406,181.0229949951172,181.12750244140625,2891267,0.0,0.0
543,2025-09-29 21:15,181.125,181.13999938964844,180.6699981689453,180.89500427246094,3502290,0.0,0.0
544,2025-09-29 21:30,180.88999938964844,181.38999938964844,180.8699951171875,181.30499267578125,2918150,0.0,0.0
545,2025-09-29 21:45,181.30499267578125,181.94000244140625,181.28500366210938,181.82000732421875,6950927,0.0,0.0
546,2025-09-30 15:30,182.0,183.14999389648438,181.47999572753906,183.12969970703125,11977521,0.0,0.0
547,2025-09-30 15:45,183.1199951171875,183.5800018310547,182.16000366210938,183.5500030517578,7818027,0.0,0.0
548,2025-09-30 16:00,183.5500946044922,184.94000244140625,183.35000610351562,184.11500549316406,14184076,0.0,0.0
549,2025-09-30 16:15,184.10000610351562,184.83999633789062,183.83999633789062,184.73989868164062,7236473,0.0,0.0
550,2025-09-30 16:30,184.73500061035156,186.36000061035156,184.55990600585938,185.67849731445312,14203388,0.0,0.0
551,2025-09-30 16:45,185.6750030517578,187.22500610351562,185.6199951171875,186.86500549316406,10719311,0.0,0.0
552,2025-09-30 17:00,186.86000061035156,187.35000610351562,186.44000244140625,186.90499877929688,7138191,0.0,0.0
553,2025-09-30 17:15,186.90499877929688,186.9199981689453,185.8000030517578,186.30990600585938,6216254,0.0,0.0
554,2025-09-30 17:30,186.2949981689453,186.6199951171875,185.60000610351562,185.8699951171875,4350208,0.0,0.0
555,2025-09-30 17:45,185.86000061035156,186.86000061035156,185.84500122070312,186.6649932861328,4365747,0.0,0.0
556,2025-09-30 18:00,186.64999389648438,187.1199951171875,186.33999633789062,186.60499572753906,4688780,0.0,0.0
557,2025-09-30 18:15,186.60499572753906,187.1199951171875,186.4600067138672,186.73500061035156,4170677,0.0,0.0
558,2025-09-30 18:30,186.73500061035156,186.9499969482422,186.17100524902344,186.4199981689453,3202991,0.0,0.0
559,2025-09-30 18:45,186.4199981689453,186.47999572753906,185.89999389648438,186.16510009765625,3065144,0.0,0.0
560,2025-09-30 19:00,186.16000366210938,186.22000122070312,185.75,185.89500427246094,3646066,0.0,0.0
561,2025-09-30 19:15,185.89500427246094,186.27999877929688,185.32000732421875,185.625,4217350,0.0,0.0
562,2025-09-30 19:30,185.6199951171875,185.85000610351562,185.22999572753906,185.58999633789062,3649644,0.0,0.0
563,2025-09-30 19:45,185.58999633789062,186.22999572753906,185.5800018310547,185.94500732421875,2679959,0.0,0.0
564,2025-09-30 20:00,185.94000244140625,186.27999877929688,185.72000122070312,186.27000427246094,2427197,0.0,0.0
565,2025-09-30 20:15,186.27000427246094,186.4600067138672,186.1199951171875,186.2725067138672,2794416,0.0,0.0
566,2025-09-30 20:30,186.27000427246094,186.30999755859375,185.89999389648438,186.19619750976562,2328184,0.0,0.0
567,2025-09-30 20:45,186.19650268554688,186.2949981689453,185.9582977294922,185.98500061035156,2008340,0.0,0.0
568,2025-09-30 21:00,185.98500061035156,186.02499389648438,185.24000549316406,185.2899932861328,3645682,0.0,0.0
569,2025-09-30 21:15,185.29510498046875,186.0,185.00999450683594,185.88999938964844,4722970,0.0,0.0
570,2025-09-30 21:30,185.88999938964844,186.01499938964844,185.3000030517578,185.39500427246094,3581721,0.0,0.0
571,2025-09-30 21:45,185.3925018310547,186.77000427246094,185.33999633789062,186.55999755859375,10942622,0.0,0.0
572,2025-10-01 15:30,186.0,186.0,184.4199981689453,185.0500030517578,15670679,0.0,0.0
573,2025-10-01 15:45,185.0449981689453,185.49000549316406,183.89999389648438,184.20700073242188,7813295,0.0,0.0
574,2025-10-01 16:00,184.19000244140625,185.47999572753906,184.02000427246094,185.22360229492188,5942973,0.0,0.0
575,2025-10-01 16:15,185.2209930419922,186.6699981689453,184.9550018310547,186.65499877929688,6667908,0.0,0.0
576,2025-10-01 16:30,186.65499877929688,187.86500549316406,186.314697265625,187.68499755859375,9268669,0.0,0.0
577,2025-10-01 16:45,187.69000244140625,187.7100067138672,186.86000061035156,187.2100067138672,5043202,0.0,0.0
578,2025-10-01 17:00,187.1999969482422,187.86000061035156,187.02000427246094,187.2550048828125,4694152,0.0,0.0
579,2025-10-01 17:15,187.25999450683594,187.3199005126953,186.5399932861328,186.55999755859375,3788248,0.0,0.0
580,2025-10-01 17:30,186.55999755859375,187.10000610351562,186.4199981689453,186.82000732421875,3324770,0.0,0.0
581,2025-10-01 17:45,186.81500244140625,187.3800048828125,186.8000030517578,187.2698974609375,2722673,0.0,0.0
582,2025-10-01 18:00,187.27000427246094,187.52999877929688,186.86000061035156,186.94500732421875,2209693,0.0,0.0
583,2025-10-01 18:15,186.9550018310547,187.2550048828125,186.5399932861328,186.60499572753906,2425856,0.0,0.0
584,2025-10-01 18:30,186.61500549316406,186.7550048828125,186.48500061035156,186.50999450683594,2382668,0.0,0.0
585,2025-10-01 18:45,186.51499938964844,187.1649932861328,186.51499938964844,187.08560180664062,2126508,0.0,0.0
586,2025-10-01 19:00,187.0850067138672,188.13999938964844,187.02000427246094,187.8300018310547,4322938,0.0,0.0
587,2025-10-01 19:15,187.8249969482422,187.875,187.3800048828125,187.57000732421875,3986098,0.0,0.0
588,2025-10-01 19:30,187.5800018310547,187.9499969482422,187.3000030517578,187.71839904785156,36635069,0.0,0.0
589,2025-10-01 19:45,187.71499633789062,187.88999938964844,187.33999633789062,187.52499389648438,2699427,0.0,0.0
590,2025-10-01 20:00,187.52000427246094,187.89999389648438,187.3000030517578,187.71800231933594,2995568,0.0,0.0
591,2025-10-01 20:15,187.71499633789062,187.8300018310547,187.3800048828125,187.48440551757812,2393415,0.0,0.0
592,2025-10-01 20:30,187.48500061035156,187.69000244140625,187.32000732421875,187.5850067138672,2273037,0.0,0.0
593,2025-10-01 20:45,187.5749969482422,187.6699981689453,187.36500549316406,187.4093017578125,2044645,0.0,0.0
594,2025-10-01 21:00,187.40499877929688,187.60499572753906,187.36000061035156,187.44000244140625,2386530,0.0,0.0
595,2025-10-01 21:15,187.42999267578125,187.49000549316406,187.14999389648438,187.18350219726562,3308821,0.0,0.0
596,2025-10-01 21:30,187.17999267578125,187.1999969482422,186.36000061035156,186.78500366210938,6056072,0.0,0.0
597,2025-10-01 21:45,186.7899932861328,187.4600067138672,186.69200134277344,187.1699981689453,9141104,0.0,0.0
598,2025-10-02 15:30,189.6199951171875,191.0500030517578,188.57000732421875,188.73500061035156,25382277,0.0,0.0
599,2025-10-02 15:45,188.74000549316406,189.4499969482422,188.26499938964844,189.27999877929688,10038164,0.0,0.0
600,2025-10-02 16:00,189.27999877929688,190.24000549316406,189.03030395507812,189.86500549316406,9291479,0.0,0.0
601,2025-10-02 16:15,189.85000610351562,190.44000244140625,189.8300018310547,190.1049041748047,6424826,0.0,0.0
602,2025-10-02 16:30,190.10499572753906,190.4199981689453,189.61000061035156,189.69000244140625,5144892,0.0,0.0
603,2025-10-02 16:45,189.69000244140625,189.8000030517578,188.97999572753906,189.25999450683594,5848839,0.0,0.0
604,2025-10-02 17:00,189.27000427246094,189.77000427246094,188.89999389648438,189.76510620117188,5453306,0.0,0.0
605,2025-10-02 17:15,189.76829528808594,189.99000549316406,189.60000610351562,189.85499572753906,4122139,0.0,0.0
606,2025-10-02 17:30,189.85499572753906,189.89169311523438,188.99000549316406,189.16510009765625,4237745,0.0,0.0
607,2025-10-02 17:45,189.1627960205078,189.77000427246094,189.10000610351562,189.63499450683594,3456142,0.0,0.0
608,2025-10-02 18:00,189.625,189.6300048828125,188.9499969482422,189.07000732421875,3320235,0.0,0.0
609,2025-10-02 18:15,189.06500244140625,189.32000732421875,189.0,189.2100067138672,2322483,0.0,0.0
610,2025-10-02 18:30,189.18499755859375,189.26499938964844,188.8000030517578,188.8000946044922,2574582,0.0,0.0
611,2025-10-02 18:45,188.80499267578125,189.47999572753906,188.77000427246094,189.4250030517578,3597747,0.0,0.0
612,2025-10-02 19:00,189.4199981689453,189.43499755859375,189.0189971923828,189.0800018310547,2318821,0.0,0.0
613,2025-10-02 19:15,189.08999633789062,189.3000030517578,189.0399932861328,189.11929321289062,1695510,0.0,0.0
614,2025-10-02 19:30,189.1199951171875,189.24000549316406,188.97000122070312,189.1199951171875,1922253,0.0,0.0
615,2025-10-02 19:45,189.1116943359375,189.1999969482422,188.75,188.75999450683594,2291988,0.0,0.0
616,2025-10-02 20:00,188.75999450683594,189.21499633789062,188.61000061035156,189.0500030517578,3241276,0.0,0.0
617,2025-10-02 20:15,189.0500030517578,189.08009338378906,188.8300018310547,188.87510681152344,1870535,0.0,0.0
618,2025-10-02 20:30,188.8699951171875,188.9600067138672,188.71009826660156,188.76499938964844,1992756,0.0,0.0
619,2025-10-02 20:45,188.7677001953125,189.02000427246094,188.72999572753906,188.9051055908203,2055485,0.0,0.0
620,2025-10-02 21:00,188.89999389648438,189.22999572753906,188.8000030517578,189.12030029296875,3541572,0.0,0.0
621,2025-10-02 21:15,189.1199951171875,189.30499267578125,189.02999877929688,189.18499755859375,2470638,0.0,0.0
622,2025-10-02 21:30,189.18499755859375,189.18499755859375,188.85000610351562,189.0399932861328,3481326,0.0,0.0
623,2025-10-02 21:45,189.0355987548828,189.24000549316406,188.5,188.9199981689453,6862914,0.0,0.0
624,2025-10-03 15:30,189.18499755859375,190.36000061035156,188.97999572753906,189.52000427246094,14016506,0.0,0.0
625,2025-10-03 15:45,189.5,189.76499938964844,188.75999450683594,188.9001007080078,6552686,0.0,0.0
626,2025-10-03 16:00,188.91000366210938,189.22999572753906,188.3300018310547,189.0500030517578,6214781,0.0,0.0
627,2025-10-03 16:15,189.0449981689453,189.3800048828125,188.3800048828125,188.94369506835938,5083325,0.0,0.0
628,2025-10-03 16:30,188.9499969482422,189.3300018310547,188.3699951171875,189.1999969482422,4424922,0.0,0.0
629,2025-10-03 16:45,189.1999969482422,189.5749969482422,189.02999877929688,189.33999633789062,3741635,0.0,0.0
630,2025-10-03 17:00,189.3300018310547,189.47000122070312,188.88999938964844,189.30499267578125,3095384,0.0,0.0
631,2025-10-03 17:15,189.30499267578125,189.8000030517578,189.25999450683594,189.47390747070312,4116787,0.0,0.0
632,2025-10-03 17:30,189.47000122070312,189.54930114746094,188.89500427246094,188.97500610351562,2992855,0.0,0.0
633,2025-10-03 17:45,188.9600067138672,189.04690551757812,188.72000122070312,189.00790405273438,3496851,0.0,0.0
634,2025-10-03 18:00,188.9801025390625,189.0,188.47999572753906,188.57000732421875,3298175,0.0,0.0
635,2025-10-03 18:15,188.5800018310547,188.7698974609375,188.4199981689453,188.7001953125,2947431,0.0,0.0
636,2025-10-03 18:30,188.6999969482422,188.6999969482422,187.59500122070312,187.64500427246094,4393651,0.0,0.0
637,2025-10-03 18:45,187.64630126953125,188.05999755859375,187.60000610351562,187.97999572753906,3683780,0.0,0.0
638,2025-10-03 19:00,187.97999572753906,187.97999572753906,187.02000427246094,187.67999267578125,5215817,0.0,0.0
639,2025-10-03 19:15,187.69000244140625,187.75999450683594,186.9499969482422,187.17750549316406,3373540,0.0,0.0
640,2025-10-03 19:30,187.16000366210938,187.51780700683594,186.61500549316406,186.64500427246094,3818155,0.0,0.0
641,2025-10-03 19:45,186.64999389648438,186.71499633789062,185.3800048828125,186.39999389648438,7531576,0.0,0.0
642,2025-10-03 20:00,186.4149932861328,186.91000366210938,185.6750030517578,186.8350067138672,5577394,0.0,0.0
643,2025-10-03 20:15,186.8350067138672,187.52000427246094,186.80999755859375,187.47500610351562,3839865,0.0,0.0
644,2025-10-03 20:30,187.47999572753906,187.51499938964844,187.02999877929688,187.5,3764891,0.0,0.0
645,2025-10-03 20:45,187.4949951171875,187.7449951171875,187.17999267578125,187.66000366210938,2756762,0.0,0.0
646,2025-10-03 21:00,187.65499877929688,187.73500061035156,187.4199981689453,187.50999450683594,2675793,0.0,0.0
647,2025-10-03 21:15,187.52000427246094,187.5850067138672,187.10000610351562,187.3249969482422,2730478,0.0,0.0
648,2025-10-03 21:30,187.32000732421875,187.8249969482422,187.22999572753906,187.6457977294922,3988196,0.0,0.0
649,2025-10-03 21:45,187.63999938964844,188.0,186.22999572753906,187.62100219726562,7500663,0.0,0.0
650,2025-10-06 15:30,185.55999755859375,186.44000244140625,183.3300018310547,186.3300018310547,23291449,0.0,0.0
651,2025-10-06 15:45,186.3300018310547,187.2299041748047,184.31619262695312,186.29510498046875,20781884,0.0,0.0
652,2025-10-06 16:00,186.2949981689453,186.5,184.72500610351562,185.36000061035156,8491268,0.0,0.0
653,2025-10-06 16:15,185.38999938964844,186.5399932861328,185.31170654296875,185.5,6747143,0.0,0.0
654,2025-10-06 16:30,185.5399932861328,185.81500244140625,184.375,184.72999572753906,7202533,0.0,0.0
655,2025-10-06 16:45,184.74000549316406,184.9949951171875,184.2100067138672,184.78700256347656,6271773,0.0,0.0
656,2025-10-06 17:00,184.79100036621094,185.6999969482422,184.63999938964844,185.58779907226562,4909291,0.0,0.0
657,2025-10-06 17:15,185.5800018310547,186.19000244140625,185.54010009765625,185.9698944091797,4597073,0.0,0.0
658,2025-10-06 17:30,185.97999572753906,186.68099975585938,185.97999572753906,186.66000366210938,4079903,0.0,0.0
659,2025-10-06 17:45,186.66000366210938,187.10000610351562,186.49000549316406,186.8350067138672,5196328,0.0,0.0
660,2025-10-06 18:00,186.83009338378906,187.11000061035156,186.65499877929688,186.9748992919922,3906066,0.0,0.0
661,2025-10-06 18:15,186.97500610351562,187.22999572753906,186.8000030517578,186.92999267578125,3387584,0.0,0.0
662,2025-10-06 18:30,186.93370056152344,186.9600067138672,186.39010620117188,186.58999633789062,2832689,0.0,0.0
663,2025-10-06 18:45,186.59100341796875,186.6199951171875,186.2200927734375,186.34019470214844,2261483,0.0,0.0
664,2025-10-06 19:00,186.33999633789062,186.38999938964844,186.00999450683594,186.10980224609375,2510477,0.0,0.0
665,2025-10-06 19:15,186.10800170898438,186.47000122070312,186.03500366210938,186.14990234375,2208985,0.0,0.0
666,2025-10-06 19:30,186.14999389648438,186.2100067138672,185.61000061035156,185.6199951171875,2909780,0.0,0.0
667,2025-10-06 19:45,185.61000061035156,185.88999938964844,185.4600067138672,185.77499389648438,2805054,0.0,0.0
668,2025-10-06 20:00,185.77999877929688,186.10000610351562,185.47999572753906,185.49029541015625,3046785,0.0,0.0
669,2025-10-06 20:15,185.4949951171875,185.75,185.38999938964844,185.58999633789062,2434300,0.0,0.0
670,2025-10-06 20:30,185.59719848632812,185.9178924560547,185.49000549316406,185.69000244140625,2360003,0.0,0.0
671,2025-10-06 20:45,185.69500732421875,186.03500366210938,185.65499877929688,185.86000061035156,2369367,0.0,0.0
672,2025-10-06 21:00,185.86000061035156,185.99000549316406,185.72000122070312,185.80999755859375,2552258,0.0,0.0
673,2025-10-06 21:15,185.80990600585938,186.0500030517578,185.57000732421875,185.80999755859375,2662737,0.0,0.0
674,2025-10-06 21:30,185.80999755859375,185.875,185.57000732421875,185.7751007080078,2953303,0.0,0.0
675,2025-10-06 21:45,185.77999877929688,186.02810668945312,185.42999267578125,185.52999877929688,8166266,0.0,0.0
676,2025-10-07 15:30,186.25999450683594,187.5579071044922,186.1999969482422,187.19000244140625,14036091,0.0,0.0
677,2025-10-07 15:45,187.19000244140625,188.9600067138672,187.1300048828125,188.8249969482422,10388538,0.0,0.0
678,2025-10-07 16:00,188.82179260253906,189.05999755859375,188.30999755859375,188.46499633789062,6922778,0.0,0.0
679,2025-10-07 16:15,188.47500610351562,188.84629821777344,187.80999755859375,188.01510620117188,5229041,0.0,0.0
680,2025-10-07 16:30,188.02000427246094,188.58999633789062,187.56500244140625,187.7899932861328,5478034,0.0,0.0
681,2025-10-07 16:45,187.77999877929688,188.14999389648438,187.6199951171875,187.8300018310547,4189469,0.0,0.0
682,2025-10-07 17:00,187.8300018310547,187.8699951171875,184.7801055908203,185.9600067138672,13458510,0.0,0.0
683,2025-10-07 17:15,185.97000122070312,186.3498992919922,185.07699584960938,185.24000549316406,7824850,0.0,0.0
684,2025-10-07 17:30,185.24000549316406,185.6719970703125,184.60000610351562,185.19000244140625,8404529,0.0,0.0
685,2025-10-07 17:45,185.1999969482422,185.5,184.40499877929688,185.46499633789062,6372100,0.0,0.0
686,2025-10-07 18:00,185.47999572753906,186.1699981689453,185.27000427246094,185.3000030517578,4570303,0.0,0.0
687,2025-10-07 18:15,185.30999755859375,185.86000061035156,185.0782928466797,185.47000122070312,3476769,0.0,0.0
688,2025-10-07 18:30,185.47000122070312,186.4149932861328,185.46499633789062,186.10989379882812,4281001,0.0,0.0
689,2025-10-07 18:45,186.10000610351562,186.1324005126953,185.50999450683594,185.75,3294752,0.0,0.0
690,2025-10-07 19:00,185.75,186.19000244140625,185.64169311523438,185.86500549316406,2667361,0.0,0.0
691,2025-10-07 19:15,185.88999938964844,186.0500030517578,185.6999969482422,185.90980529785156,2168567,0.0,0.0
692,2025-10-07 19:30,185.86500549316406,185.91000366210938,185.5399932861328,185.72999572753906,1958233,0.0,0.0
693,2025-10-07 19:45,185.7200927734375,185.88499450683594,185.32000732421875,185.36000061035156,2283792,0.0,0.0
694,2025-10-07 20:00,185.3699951171875,185.92999267578125,185.14999389648438,185.77999877929688,2539679,0.0,0.0
695,2025-10-07 20:15,185.7899932861328,186.0399932861328,185.72500610351562,185.89500427246094,2058978,0.0,0.0
696,2025-10-07 20:30,185.91000366210938,185.96499633789062,185.70010375976562,185.82000732421875,1626440,0.0,0.0
697,2025-10-07 20:45,185.8199005126953,185.8699951171875,185.60000610351562,185.63499450683594,1669424,0.0,0.0
698,2025-10-07 21:00,185.6199951171875,185.8000030517578,185.4355926513672,185.47999572753906,2492750,0.0,0.0
699,2025-10-07 21:15,185.47999572753906,185.72000122070312,185.4250946044922,185.5863037109375,2137016,0.0,0.0
700,2025-10-07 21:30,185.58999633789062,185.67999267578125,185.47000122070312,185.58999633789062,2478847,0.0,0.0
701,2025-10-07 21:45,185.58999633789062,185.6649932861328,184.50999450683594,184.9600067138672,6852375,0.0,0.0
702,2025-10-08 15:30,186.6300048828125,189.0800018310547,186.5399932861328,188.26930236816406,22659405,0.0,0.0
703,2025-10-08 15:45,188.25999450683594,188.8000030517578,187.85000610351562,188.6501007080078,8419109,0.0,0.0
704,2025-10-08 16:00,188.65499877929688,189.4199981689453,188.63999938964844,188.77000427246094,9150809,0.0,0.0
705,2025-10-08 16:15,188.75999450683594,189.13999938964844,188.52999877929688,189.0449981689453,5581462,0.0,0.0
706,2025-10-08 16:30,189.0449981689453,189.2261962890625,188.4199981689453,188.46499633789062,4524507,0.0,0.0
707,2025-10-08 16:45,188.46499633789062,188.72000122070312,188.22999572753906,188.63499450683594,3729453,0.0,0.0
708,2025-10-08 17:00,188.63999938964844,188.87989807128906,188.03500366210938,188.05560302734375,3831015,0.0,0.0
709,2025-10-08 17:15,188.047607421875,188.4499969482422,187.75,188.27000427246094,4390962,0.0,0.0
710,2025-10-08 17:30,188.27000427246094,188.39500427246094,187.90179443359375,187.9362030029297,2912789,0.0,0.0
711,2025-10-08 17:45,187.9250030517578,188.13499450683594,187.61380004882812,187.94000244140625,3015839,0.0,0.0
712,2025-10-08 18:00,187.91009521484375,188.1199951171875,187.69000244140625,188.05499267578125,3034227,0.0,0.0
713,2025-10-08 18:15,188.0449981689453,188.33999633789062,188.02000427246094,188.18499755859375,2903401,0.0,0.0
714,2025-10-08 18:30,188.17999267578125,188.48980712890625,188.07000732421875,188.25999450683594,2296308,0.0,0.0
715,2025-10-08 18:45,188.26499938964844,188.38999938964844,188.0500030517578,188.25140380859375,2087408,0.0,0.0
716,2025-10-08 19:00,188.2550048828125,188.42999267578125,187.76499938964844,188.02000427246094,2626036,0.0,0.0
717,2025-10-08 19:15,188.02000427246094,188.1999969482422,187.95010375976562,188.14999389648438,2086159,0.0,0.0
718,2025-10-08 19:30,188.16000366210938,188.78500366210938,188.1199951171875,188.62010192871094,3201937,0.0,0.0
719,2025-10-08 19:45,188.625,188.88999938964844,188.42999267578125,188.5906982421875,2975425,0.0,0.0
720,2025-10-08 20:00,188.58999633789062,188.77980041503906,188.45159912109375,188.74000549316406,1936584,0.0,0.0
721,2025-10-08 20:15,188.73500061035156,188.80999755859375,188.39999389648438,188.42239379882812,2330863,0.0,0.0
722,2025-10-08 20:30,188.42999267578125,188.5,188.2100067138672,188.21499633789062,2607796,0.0,0.0
723,2025-10-08 20:45,188.2100067138672,188.38999938964844,187.98500061035156,188.32000732421875,2461152,0.0,0.0
724,2025-10-08 21:00,188.32000732421875,188.6300048828125,188.25,188.61000061035156,2044037,0.0,0.0
725,2025-10-08 21:15,188.61000061035156,188.75,188.5500030517578,188.58999633789062,2410335,0.0,0.0
726,2025-10-08 21:30,188.58999633789062,188.6300048828125,188.3000030517578,188.3350067138672,2911979,0.0,0.0
727,2025-10-08 21:45,188.33900451660156,189.19000244140625,188.2949981689453,189.07000732421875,10119146,0.0,0.0
728,2025-10-09 15:30,191.97869873046875,191.9967041015625,191.2449951171875,191.8896026611328,28510710,0.0,0.0
729,2025-10-09 15:45,192.4875946044922,195.1999969482422,192.4875946044922,194.30870056152344,23979503,0.0,0.0
730,2025-10-09 16:00,194.29100036621094,194.5417938232422,193.66000366210938,194.34100341796875,10313491,0.0,0.0
731,2025-10-09 16:15,193.94000244140625,194.24000549316406,193.89999389648438,194.05499267578125,7345972,0.0,0.0
732,2025-10-09 16:30,193.38999938964844,193.52999877929688,192.22000122070312,192.42990112304688,8143493,0.0,0.0
733,2025-10-09 16:45,192.5500030517578,194.04989624023438,192.5399932861328,194.02000427246094,7332826,0.0,0.0
734,2025-10-09 17:00,194.20620727539062,194.4521026611328,194.0399932861328,194.17999267578125,6861949,0.0,0.0
735,2025-10-09 17:15,194.3000030517578,194.51499938964844,193.72999572753906,193.73500061035156,6046341,0.0,0.0
736,2025-10-09 17:30,193.6363067626953,193.77000427246094,193.61000061035156,193.68499755859375,3804476,0.0,0.0
737,2025-10-09 17:45,193.81500244140625,194.2299041748047,193.81500244140625,194.2299041748047,4047416,0.0,0.0
738,2025-10-09 18:00,194.1999969482422,194.53509521484375,193.9429931640625,194.53509521484375,5331604,0.0,0.0
739,2025-10-09 18:15,194.22500610351562,194.35499572753906,193.6649932861328,193.85000610351562,3236760,0.0,0.0
740,2025-10-09 18:30,193.875,193.89999389648438,193.30999755859375,193.4613037109375,3159474,0.0,0.0
741,2025-10-09 18:45,193.50999450683594,193.5189971923828,192.82000732421875,192.8249969482422,4000838,0.0,0.0
742,2025-10-09 19:00,192.66000366210938,193.2198944091797,192.61000061035156,192.61000061035156,3215979,0.0,0.0
743,2025-10-09 19:15,192.7530975341797,192.99049377441406,192.5001983642578,192.61000061035156,4274790,0.0,0.0
744,2025-10-09 19:30,192.73570251464844,192.85000610351562,192.4669952392578,192.7100067138672,2940121,0.0,0.0
745,2025-10-09 19:45,192.77520751953125,192.83389282226562,192.73500061035156,192.81509399414062,4080691,0.0,0.0
746,2025-10-09 20:00,192.7949981689453,193.0522003173828,192.75999450683594,193.0522003173828,2043110,0.0,0.0
747,2025-10-09 20:15,192.86000061035156,193.00999450683594,192.77000427246094,192.875,3182978,0.0,0.0
748,2025-10-09 20:30,192.4503936767578,192.5399932861328,192.24000549316406,192.43499755859375,4187077,0.0,0.0
749,2025-10-09 20:45,192.4600067138672,192.614501953125,192.4600067138672,192.60000610351562,3936244,0.0,0.0
750,2025-10-09 21:00,192.84759521484375,192.97520446777344,192.8000030517578,192.87579345703125,3697987,0.0,0.0
751,2025-10-09 21:15,193.1699981689453,193.2115936279297,193.01499938964844,193.1199951171875,3913569,0.0,0.0
752,2025-10-09 21:30,192.75,192.7899932861328,192.62649536132812,192.656494140625,3310950,0.0,0.0
753,2025-10-09 21:45,192.59500122070312,192.90499877929688,192.2949981689453,192.2949981689453,7407936,0.0,0.0
754,2025-10-10 15:30,192.61000061035156,193.0,192.22000122070312,192.9499969482422,17734417,0.0,0.0
755,2025-10-10 15:45,193.30499267578125,194.13800048828125,192.9801025390625,194.13800048828125,9307000,0.0,0.0
756,2025-10-10 16:00,194.14500427246094,195.1300048828125,194.08999633789062,194.92999267578125,9693744,0.0,0.0
757,2025-10-10 16:15,194.69009399414062,195.2550048828125,194.22999572753906,195.2550048828125,8616769,0.0,0.0
758,2025-10-10 16:30,195.12600708007812,195.6199951171875,195.05499267578125,195.4499969482422,8368140,0.0,0.0
759,2025-10-10 16:45,195.44500732421875,195.45989990234375,193.95469665527344,193.95469665527344,8231327,0.0,0.0
760,2025-10-10 17:00,193.60000610351562,193.61000061035156,192.1199951171875,192.38999938964844,17034803,0.0,0.0
761,2025-10-10 17:15,192.38499450683594,192.38499450683594,188.375,188.5998992919922,20538398,0.0,0.0
762,2025-10-10 17:30,188.17349243164062,188.9949951171875,187.00999450683594,188.9949951171875,16549956,0.0,0.0
763,2025-10-10 17:45,189.75999450683594,190.08999633789062,188.67999267578125,189.52000427246094,11159293,0.0,0.0
764,2025-10-10 18:00,189.5,189.8300018310547,188.86500549316406,189.67999267578125,6800117,0.0,0.0
765,2025-10-10 18:15,189.69000244140625,189.86000061035156,188.41000366210938,189.14999389648438,6253296,0.0,0.0
766,2025-10-10 18:30,189.13999938964844,189.66000366210938,188.4499969482422,188.55999755859375,4816973,0.0,0.0
767,2025-10-10 18:45,188.5500030517578,188.61000061035156,187.3800048828125,187.52000427246094,6404067,0.0,0.0
768,2025-10-10 19:00,187.5,187.82000732421875,186.64089965820312,187.00999450683594,6128250,0.0,0.0
769,2025-10-10 19:15,187.00999450683594,188.32000732421875,186.9281005859375,188.16000366210938,4800536,0.0,0.0
770,2025-10-10 19:30,188.14999389648438,188.4600067138672,187.85000610351562,188.0399932861328,3915939,0.0,0.0
771,2025-10-10 19:45,188.0198974609375,188.27499389648438,187.36000061035156,187.69000244140625,4039102,0.0,0.0
772,2025-10-10 20:00,187.72000122070312,187.74000549316406,186.97999572753906,187.64010620117188,3944556,0.0,0.0
773,2025-10-10 20:15,187.6300048828125,188.2873992919922,187.27000427246094,187.72000122070312,3872425,0.0,0.0
774,2025-10-10 20:30,187.72000122070312,187.9600067138672,187.22999572753906,187.24000549316406,2754511,0.0,0.0
775,2025-10-10 20:45,187.25,187.5850067138672,186.6199951171875,186.99000549316406,4050620,0.0,0.0
776,2025-10-10 21:00,186.9600067138672,187.5500030517578,186.6501007080078,186.75999450683594,5277946,0.0,0.0
777,2025-10-10 21:15,186.75599670410156,187.07000732421875,186.74000549316406,186.92999267578125,580704,0.0,0.0
